review_observation_id,source_event_cluster_id,period_end,report_period_label,normalized_borrower,source_ticker,target_ticker,source_manager,target_manager,manager_relationship,source_current_raw_identifier,source_current_facility_type,source_current_lien,source_current_currency,source_current_reference_rate,source_current_spread,source_current_maturity,source_current_funded_status,source_current_acquisition_date,source_current_constituent_descriptions_json,source_current_aggregation_lot_count,source_current_accepted_timestamp_utc,source_prior_raw_identifier,source_prior_facility_type,source_prior_lien,source_prior_currency,source_prior_reference_rate,source_prior_spread,source_prior_maturity,source_prior_funded_status,source_prior_acquisition_date,source_prior_constituent_descriptions_json,source_prior_aggregation_lot_count,source_prior_accepted_timestamp_utc,target_prior_raw_identifier,target_prior_facility_type,target_prior_lien,target_prior_currency,target_prior_reference_rate,target_prior_spread,target_prior_maturity,target_prior_funded_status,target_prior_acquisition_date,target_prior_constituent_descriptions_json,target_prior_aggregation_lot_count,target_prior_accepted_timestamp_utc,source_current_evidence_id,source_prior_evidence_id,target_prior_evidence_id,source_mark_public_timestamp_utc,target_cutoff_timestamp_utc,reporting_window_days,source_timing_evidence_id,source_timing_evidence_statement,target_cutoff_evidence_id,target_cutoff_evidence_statement,source_temporal_same_facility,source_to_target_prior_same_facility,source_aggregation_valid,target_prior_aggregation_valid,include_for_replication,review_notes
D5EV_d57ac7fd49b33f3394c88abc,D5EC_8c85826ce74d7f7af8420baf,2024-03-31,2024Q1,allen media,OFS,CION,OFS Capital Management,CION Investment Management,cross_manager,"Allen Media, LLC, First Lien Debt",other_debt,first_lien,UNKNOWN,UNKNOWN,0.055,,funded,,"[""Allen Media, LLC, First Lien Debt""]",1,2024-05-02 17:33:00.0,"Allen Media, LLC, First Lien Debt",other_debt,first_lien,UNKNOWN,UNKNOWN,0.055,,funded,,"[""Allen Media, LLC, First Lien Debt""]",1,2024-03-05 07:57:00.0,"Allen Media, LLC, Senior Secured First Lien Debt, 2/10/2027 Maturity",other_debt,first_lien,UNKNOWN,UNKNOWN,0.055,,funded,,"[""Allen Media, LLC, Senior Secured First Lien Debt, 2/10/2027 Maturity""]",1,2024-03-13 19:57:00.0,EVID_7d5c0e3ae392937c1ed464d6c264,EVID_788f710bc31a1065e4a99669bcf0,EVID_4df8900c188f7ec5caecab0e3ede,2024-05-02T17:33:00Z,2024-05-09T12:30:25.000Z,6.789873,EVID_69b62229eafe60460de93a4bc626,The source facility mark-public timestamp was verified in the locked outcome-blind feasibility inputs.,EVID_5e5fbbd3fc3c65d81bfe69d99ca1,The target cutoff is the earliest verified public results/NAV disclosure in the locked outcome-blind feasibility inputs.,yes,yes,yes,yes,yes,"Independent reviewer agreement. Reviewer X: Source prior and current are the identical first-lien funded other_debt line with spread 0.055, consistent with continuation. Target prior is the same borrower first-lien funded position with spread 0.055; the added 2/10/2027 maturity descriptor is lender wording, not a conflict. Single lot on all three sides. | Reviewer Y: Source-prior and source-current identifiers match; other_debt/first_lien/funded/spread 0.055 is consistent through time. Target-prior 'Allen Media, LLC, Senior Secured First Lien Debt, 2/10/2027 Maturity' is compatible with the source-current other_debt/first_lien/funded/spread 0.055; missing fields are not treated as agreement or conflict. Each side reports one constituent lot."
D5EV_f2bba31f83c7353b48576093,D5EC_d14c24de438d18275de4f4c3,2024-03-31,2024Q1,community brands parentco,NMFC,OTF,New Mountain Capital,Blue Owl Credit,cross_manager,"Community Brands ParentCo, LLC, First lien",other_debt,first_lien,UNKNOWN,UNKNOWN,0.055,,funded,,"[""Community Brands ParentCo, LLC, First lien""]",1,2024-05-01 17:09:00.0,"Community Brands ParentCo, LLC, First Lien",other_debt,first_lien,UNKNOWN,UNKNOWN,0.055,,funded,,"[""Community Brands ParentCo, LLC, First Lien""]",1,2024-02-26 16:48:00.0,"Community Brands ParentCo, LLC, First lien senior secured loan",other_debt,first_lien,UNKNOWN,UNKNOWN,0.055,,funded,,"[""Community Brands ParentCo, LLC, First lien senior secured loan""]",1,2024-03-06 17:28:00.0,EVID_0601e670726468efbaa6d2921552,EVID_bf0bde7df0cc727e2c55d7be4e6b,EVID_0790a05193f3a0a13cd46584e6ca,2024-05-01T17:09:00Z,2024-05-10T21:15:00.000Z,9.170833,EVID_13f22bd2cfb7dbf49a7cdcde8332,The source facility mark-public timestamp was verified in the locked outcome-blind feasibility inputs.,EVID_347d271fd7d9524c04d4ce5723a0,The target cutoff is the earliest verified public results/NAV disclosure in the locked outcome-blind feasibility inputs.,yes,yes,yes,yes,yes,"Independent reviewer agreement. Reviewer X: Source prior and current differ only in capitalisation of 'First lien'; lien, funded status and spread 0.055 are unchanged. Target prior states the same first-lien position as a senior secured loan at the same spread. One lot on each side. | Reviewer Y: Source-prior and source-current identifiers use compatible wording; other_debt/first_lien/funded/spread 0.055 is consistent through time. Target-prior 'Community Brands ParentCo, LLC, First lien senior secured loan' is compatible with the source-current other_debt/first_lien/funded/spread 0.055; missing fields are not treated as agreement or conflict. Each side reports one constituent lot."
D5EV_80555cb61852d9d01a224395,D5EC_75320544e11a7f36b98026a6,2024-03-31,2024Q1,diligent,NMFC,OTF,New Mountain Capital,Blue Owl Credit,cross_manager,"Diligent Corporation, First lien 2",other_debt,first_lien,UNKNOWN,UNKNOWN,0.0625,,funded,,"[""Diligent Corporation, First lien 2""]",1,2024-05-01 17:09:00.0,"Diligent Corporation, First Lien 2",other_debt,first_lien,UNKNOWN,UNKNOWN,0.0625,,funded,,"[""Diligent Corporation, First Lien 2""]",1,2024-02-26 16:48:00.0,"Diligent Corporation, First lien senior secured loan",other_debt,first_lien,UNKNOWN,UNKNOWN,0.0625,,funded,,"[""Diligent Corporation, First lien senior secured loan""]",1,2024-03-06 17:28:00.0,EVID_0426a050039f305b949182a1355f,EVID_a05a244570969dda9e19b0dbb32c,EVID_aa851223f9f5b40f8fd2ce9ca0b8,2024-05-01T17:09:00Z,2024-05-10T21:15:00.000Z,9.170833,EVID_9b4f19d798a52dbf27c04a6e9948,The source facility mark-public timestamp was verified in the locked outcome-blind feasibility inputs.,EVID_660501f93af71a75a218995c7026,The target cutoff is the earliest verified public results/NAV disclosure in the locked outcome-blind feasibility inputs.,yes,uncertain,yes,yes,uncertain,"Source-prior 'Diligent Corporation, First Lien 2' and source-current 'Diligent Corporation, First lien 2' differ only in letter case; other_debt / first_lien / funded / spread 0.0625 and lot count 1 are identical, so temporal continuation holds (yes). Source-current is an explicitly numbered position (2) while target-prior 'Diligent Corporation, First lien senior secured loan' is a single undifferentiated line with no numbering; the numbered source position cannot be resolved against it, and matching spread 0.0625 with first_lien/funded is compatible but not sufficient while currency, reference rate, maturity and acquisition date are UNKNOWN or blank, so cross-lender identity is uncertain. Each side displays 1 constituent lot describing one funded first-lien position, so both aggregation checks are yes."
D5EV_7c83982d1c79c64ac8affcb2,D5EC_b94b2012498895e5f2f778fd,2024-03-31,2024Q1,greenway health,NMFC,OTF,New Mountain Capital,Blue Owl Credit,cross_manager,"Greenway Health, LLC, First lien",other_debt,first_lien,UNKNOWN,UNKNOWN,0.0675,,funded,,"[""Greenway Health, LLC, First lien""]",1,2024-05-01 17:09:00.0,"Greenway Health, LLC, First Lien",other_debt,first_lien,UNKNOWN,UNKNOWN,0.0675,,funded,,"[""Greenway Health, LLC, First Lien""]",1,2024-02-26 16:48:00.0,"Greenway Health, LLC, First lien senior secured loan",other_debt,first_lien,UNKNOWN,UNKNOWN,0.0675,,funded,,"[""Greenway Health, LLC, First lien senior secured loan""]",1,2024-03-06 17:28:00.0,EVID_d30883770105f94a1a0417f580b6,EVID_4c368da523de6eb7e03243208a43,EVID_d4237aa8328887281be66fa20df2,2024-05-01T17:09:00Z,2024-05-10T21:15:00.000Z,9.170833,EVID_41107b6a79331d97372fecf6b1c3,The source facility mark-public timestamp was verified in the locked outcome-blind feasibility inputs.,EVID_22ce1f9e582673790dd5cfea2ae7,The target cutoff is the earliest verified public results/NAV disclosure in the locked outcome-blind feasibility inputs.,yes,yes,yes,yes,yes,"Independent reviewer agreement. Reviewer X: Source prior and current differ only by capitalisation; first lien, funded, spread 0.0675 unchanged. Target prior is the same first-lien funded position at spread 0.0675 with lender-specific wording. Single lots throughout. | Reviewer Y: Source-prior and source-current identifiers use compatible wording; other_debt/first_lien/funded/spread 0.0675 is consistent through time. Target-prior 'Greenway Health, LLC, First lien senior secured loan' is compatible with the source-current other_debt/first_lien/funded/spread 0.0675; missing fields are not treated as agreement or conflict. Each side reports one constituent lot."
D5EV_0473fd1e79b97a345afb4fa5,D5EC_4ba8b635e3a54b1f5a5abab1,2024-03-31,2024Q1,hyland software,ARCC,OTF,Ares Management,Blue Owl Credit,cross_manager,"Hyland Software, Inc., First lien senior secured loan",other_debt,first_lien,UNKNOWN,UNKNOWN,0.06,,funded,,"[""Hyland Software, Inc., First lien senior secured loan""]",1,2024-04-30 21:41:00.0,"Hyland Software, Inc., First lien senior secured loan",other_debt,first_lien,UNKNOWN,UNKNOWN,0.06,,funded,,"[""Hyland Software, Inc., First lien senior secured loan""]",1,2024-02-07 06:13:00.0,"Hyland Software, Inc., First lien senior secured loan",other_debt,first_lien,UNKNOWN,UNKNOWN,0.06,,funded,,"[""Hyland Software, Inc., First lien senior secured loan""]",1,2024-03-06 17:28:00.0,EVID_70cfb586a9fd6078b808ae5353b2,EVID_2e71f53b653cd913c662f82cbe0b,EVID_af9b8e980e40d8f1983a70d6a591,2024-04-30T21:41:00Z,2024-05-10T21:15:00.000Z,9.981944,EVID_0cbcfb22de5e5faa5c7db7f6744a,The source facility mark-public timestamp was verified in the locked outcome-blind feasibility inputs.,EVID_453500f6509070ff7ca693ccb013,The target cutoff is the earliest verified public results/NAV disclosure in the locked outcome-blind feasibility inputs.,yes,yes,yes,yes,yes,"Independent reviewer agreement. Reviewer X: All three sides show the identical description 'First lien senior secured loan', first lien, funded, spread 0.06, one lot each. | Reviewer Y: Source-prior and source-current identifiers match; other_debt/first_lien/funded/spread 0.06 is consistent through time. Target-prior 'Hyland Software, Inc., First lien senior secured loan' is compatible with the source-current other_debt/first_lien/funded/spread 0.06; missing fields are not treated as agreement or conflict. Each side reports one constituent lot."
D5EV_8ecf2aee1046f6fd7cced1b0,D5EC_9f9ebd17f4ff9e58c37206f4,2024-03-31,2024Q1,hyland software,ASIF,OTF,Ares Management,Blue Owl Credit,cross_manager,"Hyland Software, Inc., First lien senior secured loan",other_debt,first_lien,UNKNOWN,UNKNOWN,0.06,,funded,,"[""Hyland Software, Inc., First lien senior secured loan""]",1,2024-05-10 16:12:00.0,"Hyland Software, Inc., First lien senior secured loan",other_debt,first_lien,UNKNOWN,UNKNOWN,0.06,,funded,,"[""Hyland Software, Inc., First lien senior secured loan""]",1,2024-03-14 16:20:00.0,"Hyland Software, Inc., First lien senior secured loan",other_debt,first_lien,UNKNOWN,UNKNOWN,0.06,,funded,,"[""Hyland Software, Inc., First lien senior secured loan""]",1,2024-03-06 17:28:00.0,EVID_6cdb8e4c892b9315094518f094b2,EVID_39817a03b35d93e0d89b4c8ce8cf,EVID_af9b8e980e40d8f1983a70d6a591,2024-05-10T16:12:00Z,2024-05-10T21:15:00.000Z,0.210417,EVID_b00b777e4a714bfa613c55d44223,The source facility mark-public timestamp was verified in the locked outcome-blind feasibility inputs.,EVID_7fdf4e89e382ba1ec937c98231d8,The target cutoff is the earliest verified public results/NAV disclosure in the locked outcome-blind feasibility inputs.,yes,yes,yes,yes,yes,"Independent reviewer agreement. Reviewer X: All three sides show the identical first-lien funded senior secured loan at spread 0.06 with one lot each; no structural divergence displayed. | Reviewer Y: Source-prior and source-current identifiers match; other_debt/first_lien/funded/spread 0.06 is consistent through time. Target-prior 'Hyland Software, Inc., First lien senior secured loan' is compatible with the source-current other_debt/first_lien/funded/spread 0.06; missing fields are not treated as agreement or conflict. Each side reports one constituent lot."
D5EV_6d74b1708e4e037b70790a05,D5EC_2826bf36875c4239e1d0b93a,2024-03-31,2024Q1,jp intermediate b,OFS,CION,OFS Capital Management,CION Investment Management,cross_manager,"JP Intermediate B, LLC, First Lien Debt",other_debt,first_lien,UNKNOWN,UNKNOWN,0.055,,funded,,"[""JP Intermediate B, LLC, First Lien Debt""]",1,2024-05-02 17:33:00.0,"JP Intermediate B, LLC, First Lien Debt",other_debt,first_lien,UNKNOWN,UNKNOWN,0.055,,funded,,"[""JP Intermediate B, LLC, First Lien Debt""]",1,2024-03-05 07:57:00.0,"JP Intermediate B, LLC., Senior Secured First Lien Debt, 8/21/2027 Maturity",other_debt,first_lien,UNKNOWN,UNKNOWN,0.055,,funded,,"[""JP Intermediate B, LLC., Senior Secured First Lien Debt, 8/21/2027 Maturity""]",1,2024-03-13 19:57:00.0,EVID_6d1ab0d12028bed2d6f9e2c54769,EVID_7eae5d534cc490ec8b8518d39465,EVID_67602974e293850f96b99a6b4ade,2024-05-02T17:33:00Z,2024-05-09T12:30:25.000Z,6.789873,EVID_a692121c635e9e5cf574d6c8c27a,The source facility mark-public timestamp was verified in the locked outcome-blind feasibility inputs.,EVID_78bddc4ef8043e33a18b2f92d7d3,The target cutoff is the earliest verified public results/NAV disclosure in the locked outcome-blind feasibility inputs.,yes,yes,yes,yes,yes,"Independent reviewer agreement. Reviewer X: Source prior and current are identical first-lien funded other_debt at spread 0.055. Target prior is the same borrower first-lien funded debt at spread 0.055 with an added maturity descriptor; entity punctuation differs only. Single lots. | Reviewer Y: Source-prior and source-current identifiers match; other_debt/first_lien/funded/spread 0.055 is consistent through time. Target-prior 'JP Intermediate B, LLC., Senior Secured First Lien Debt, 8/21/2027 Maturity' is compatible with the source-current other_debt/first_lien/funded/spread 0.055; missing fields are not treated as agreement or conflict. Each side reports one constituent lot."
D5EV_0bf02eb5470056c7faa366b3,D5EC_c81aa886820df53368cc5bfd,2024-03-31,2024Q1,opco borrower,CION,CSWC,CION Investment Management,Capital Southwest,cross_manager,"OpCo Borrower, LLC., Senior Secured Second Lien Debt, 2/19/2028 Maturity",other_debt,second_lien,UNKNOWN,UNKNOWN,,,funded,,"[""OpCo Borrower, LLC., Senior Secured Second Lien Debt, 2/19/2028 Maturity""]",1,2024-05-08 18:00:00.0,"OpCo Borrower, LLC., Senior Secured Second Lien Debt, 2/19/2028 Maturity",other_debt,second_lien,UNKNOWN,UNKNOWN,,,funded,,"[""OpCo Borrower, LLC., Senior Secured Second Lien Debt, 2/19/2028 Maturity""]",1,2024-03-13 19:57:00.0,"OPCO BORROWER, LLC, Second Lien",other_debt,second_lien,UNKNOWN,UNKNOWN,,,funded,,"[""OPCO BORROWER, LLC, Second Lien""]",1,2024-01-30 16:13:00.0,EVID_737e8b1173dd4e8304f8902a8d06,EVID_3a1194df51c73210c3750de21049,EVID_7f0fe2a4337f8ffa42c0636e6060,2024-05-08T18:00:00Z,2024-05-14T20:06:40.000Z,6.087963,EVID_5825f60af0e10655e234e8458607,The source facility mark-public timestamp was verified in the locked outcome-blind feasibility inputs.,EVID_0ad3dfe584f2ca8efbc49f58520d,The target cutoff is the earliest verified public results/NAV disclosure in the locked outcome-blind feasibility inputs.,yes,yes,yes,yes,yes,"Independent reviewer agreement. Reviewer X: Source prior and current are the identical second-lien funded line including the 2/19/2028 maturity descriptor. Target prior is the same borrower second-lien funded position in shorter lender wording; lien and funded status agree, no spread displayed on either side. Single lots. | Reviewer Y: Source-prior and source-current identifiers match; other_debt/second_lien/funded is consistent through time. Target-prior 'OPCO BORROWER, LLC, Second Lien' is compatible with the source-current other_debt/second_lien/funded; missing fields are not treated as agreement or conflict. Each side reports one constituent lot."
D5EV_e669e9146b91bd3683498ae2,D5EC_3ba60992f749801e08ded97d,2024-03-31,2024Q1,realpage,ASIF,OTF,Ares Management,Blue Owl Credit,cross_manager,"RealPage, Inc., Second lien senior secured loan",other_debt,second_lien,UNKNOWN,UNKNOWN,0.065,,funded,,"[""RealPage, Inc., Second lien senior secured loan""]",1,2024-05-10 16:12:00.0,"RealPage, Inc., Second lien senior secured loan",other_debt,second_lien,UNKNOWN,UNKNOWN,0.065,,funded,,"[""RealPage, Inc., Second lien senior secured loan""]",1,2024-03-14 16:20:00.0,"REALPAGE, INC., Second lien senior secured loan",other_debt,second_lien,UNKNOWN,UNKNOWN,0.065,,funded,,"[""REALPAGE, INC., Second lien senior secured loan""]",1,2024-03-06 17:28:00.0,EVID_8c1b2c7820cd8bbff7d08b753c50,EVID_1b4e0317fc6261159b0f97ef0cda,EVID_a33742083f9b91c3523725531147,2024-05-10T16:12:00Z,2024-05-10T21:15:00.000Z,0.210417,EVID_ce53da6c79a403399a1397692703,The source facility mark-public timestamp was verified in the locked outcome-blind feasibility inputs.,EVID_5b4902b29bf53563bad7001747ad,The target cutoff is the earliest verified public results/NAV disclosure in the locked outcome-blind feasibility inputs.,yes,yes,yes,yes,yes,"Independent reviewer agreement. Reviewer X: Identical second-lien funded senior secured loan on all three sides at spread 0.065; target prior differs only in letter case. One lot each. | Reviewer Y: Source-prior and source-current identifiers match; other_debt/second_lien/funded/spread 0.065 is consistent through time. Target-prior 'REALPAGE, INC., Second lien senior secured loan' is compatible with the source-current other_debt/second_lien/funded/spread 0.065; missing fields are not treated as agreement or conflict. Each side reports one constituent lot."
D5EV_56f5e033119fc6f7710f17e4,D5EC_c01d8f9d2b4b0baaacbaae48,2024-03-31,2024Q1,snap fitness a stock,WHF,CION,H.I.G. WhiteHorse,CION Investment Management,cross_manager,"Snap Fitness Holdings, Inc Class A Common Stock",common_equity,unknown,UNKNOWN,UNKNOWN,,,funded,2020-06-29,"[""Snap Fitness Holdings, Inc Class A Common Stock""]",1,2024-05-08 07:36:00.0,"Snap Fitness Holdings, Inc Class A Common Stock",common_equity,unknown,UNKNOWN,UNKNOWN,,,funded,2020-06-29,"[""Snap Fitness Holdings, Inc Class A Common Stock""]",1,2024-03-05 16:34:00.0,"Snap Fitness Holdings, Inc., Class A Common Stock., Equity",common_equity,unknown,UNKNOWN,UNKNOWN,,,funded,,"[""Snap Fitness Holdings, Inc., Class A Common Stock., Equity""]",1,2024-03-13 19:57:00.0,EVID_71b1c318691079aee5f65f20f9c2,EVID_3e86fb48424d23a97b399fd05d4c,EVID_4bef20f1c7dda79309f2644f75b4,2024-05-08T07:36:00Z,2024-05-09T12:30:25.000Z,1.204456,EVID_2de3060256610d228a779b841d49,The source facility mark-public timestamp was verified in the locked outcome-blind feasibility inputs.,EVID_648d555dad10b3184fbc8bf320af,The target cutoff is the earliest verified public results/NAV disclosure in the locked outcome-blind feasibility inputs.,yes,yes,yes,yes,yes,"Independent reviewer agreement. Reviewer X: Source prior and current are the identical Class A common stock position, same acquisition date 2020-06-29. Target prior names the same issuer and the same Class A common stock; the trailing 'Equity' wording and missing acquisition date are lender formatting and absent evidence, not conflict. Single lots. | Reviewer Y: Source-prior and source-current identifiers match; common_equity/unknown/funded is consistent through time. Target-prior 'Snap Fitness Holdings, Inc., Class A Common Stock., Equity' is compatible with the source-current common_equity/unknown/funded; missing fields are not treated as agreement or conflict. Each side reports one constituent lot."
D5EV_63ea16f00e9832bb6f6890a7,D5EC_1536e72484b100d474c9c517,2024-03-31,2024Q1,statinmed,CION,CSWC,CION Investment Management,Capital Southwest,cross_manager,"STATinMED, LLC., Senior Secured First Lien Debt, 7/1/2027 Maturity",other_debt,first_lien,UNKNOWN,UNKNOWN,,,funded,,"[""STATinMED, LLC., Senior Secured First Lien Debt, 7/1/2027 Maturity""]",1,2024-05-08 18:00:00.0,"STATinMED, LLC., Senior Secured First Lien Debt, 7/1/2027 Maturity",other_debt,first_lien,UNKNOWN,UNKNOWN,0.095,,funded,,"[""STATinMED, LLC., Senior Secured First Lien Debt, 7/1/2027 Maturity""]",1,2024-03-13 19:57:00.0,"STATINMED, LLC, First Lien",other_debt,first_lien,UNKNOWN,UNKNOWN,,,funded,,"[""STATINMED, LLC, First Lien""]",1,2024-01-30 16:13:00.0,EVID_ab36419d88e0da0fd2e2673cbe2d,EVID_beaa5ff1a70a7957f3f3fc409217,EVID_a26e2cfabb373e219bdfb80cc844,2024-05-08T18:00:00Z,2024-05-14T20:06:40.000Z,6.087963,EVID_2fe0ac7e9377bcc6639ecfd3bba2,The source facility mark-public timestamp was verified in the locked outcome-blind feasibility inputs.,EVID_d5f2c3720b337df0dce7b632716b,The target cutoff is the earliest verified public results/NAV disclosure in the locked outcome-blind feasibility inputs.,yes,yes,yes,yes,yes,"Independent reviewer agreement. Reviewer X: Source prior and current share the identical identifier including the 7/1/2027 maturity descriptor, first lien, funded; the spread present on prior and blank on current is missing evidence, not a conflict. Target prior is the same borrower first-lien funded position in shorter wording. Single lots. | Reviewer Y: Source-prior and source-current identifiers match; other_debt/first_lien/funded is consistent through time. Target-prior 'STATINMED, LLC, First Lien' is compatible with the source-current other_debt/first_lien/funded; missing fields are not treated as agreement or conflict. Each side reports one constituent lot."
D5EV_569cd152db6e30a43d2ab998,D5EC_8697acaad0cd9c0c406dd8dc,2024-06-30,2024Q2,allen media,OFS,CION,OFS Capital Management,CION Investment Management,cross_manager,"Allen Media, LLC, First Lien Debt",other_debt,first_lien,UNKNOWN,UNKNOWN,0.055,,funded,,"[""Allen Media, LLC, First Lien Debt""]",1,2024-08-01 17:33:00.0,"Allen Media, LLC, First Lien Debt",other_debt,first_lien,UNKNOWN,UNKNOWN,0.055,,funded,,"[""Allen Media, LLC, First Lien Debt""]",1,2024-05-02 17:33:00.0,"Allen Media, LLC, Senior Secured First Lien Debt, 2/10/2027 Maturity",other_debt,first_lien,UNKNOWN,UNKNOWN,,,funded,,"[""Allen Media, LLC, Senior Secured First Lien Debt, 2/10/2027 Maturity""]",1,2024-05-08 18:00:00.0,EVID_c87072abd92bb2858077dd6a53f2,EVID_1312fc2e6a621c3b23c34c393214,EVID_f93a08c1f1ca898c0e215de547dd,2024-08-01T17:33:00Z,2024-08-08T12:30:21.000Z,6.789826,EVID_eb2a853b57e0afc064cce2b6582b,The source facility mark-public timestamp was verified in the locked outcome-blind feasibility inputs.,EVID_b41654b959dff5afbf1ad184635e,The target cutoff is the earliest verified public results/NAV disclosure in the locked outcome-blind feasibility inputs.,yes,yes,yes,yes,yes,"Independent reviewer agreement. Reviewer X: Source prior and current are the identical first-lien funded line at spread 0.055. Target prior states the same borrower first-lien funded debt with a maturity descriptor; its blank spread is missing evidence and the descriptions are otherwise compatible. Single lots. | Reviewer Y: Source-prior and source-current identifiers match; other_debt/first_lien/funded/spread 0.055 is consistent through time. Target-prior 'Allen Media, LLC, Senior Secured First Lien Debt, 2/10/2027 Maturity' is compatible with the source-current other_debt/first_lien/funded/spread 0.055; missing fields are not treated as agreement or conflict. Each side reports one constituent lot."
D5EV_deab4cbeab2e294dcf2d44e2,D5EC_f36d7a6823f20664245db17b,2024-06-30,2024Q2,community brands parentco,NMFC,OTF,New Mountain Capital,Blue Owl Credit,cross_manager,"Community Brands ParentCo, LLC, First lien",other_debt,first_lien,UNKNOWN,UNKNOWN,0.055,,funded,,"[""Community Brands ParentCo, LLC, First lien""]",1,2024-07-31 17:12:00.0,"Community Brands ParentCo, LLC, First lien",other_debt,first_lien,UNKNOWN,UNKNOWN,0.055,,funded,,"[""Community Brands ParentCo, LLC, First lien""]",1,2024-05-01 17:09:00.0,"Community Brands ParentCo, LLC, First lien senior secured loan",other_debt,first_lien,UNKNOWN,UNKNOWN,0.055,,funded,,"[""Community Brands ParentCo, LLC, First lien senior secured loan""]",1,2024-05-10 17:15:00.0,EVID_757b3de4182d1a393d461e1a4b84,EVID_274ff5fcee83de75ead7ec90321c,EVID_0f83365910226807ca59824826e8,2024-07-31T17:12:00Z,2024-08-09T20:08:58.000Z,9.122894,EVID_49c4843ee1c19eb2eaec83a865e0,The source facility mark-public timestamp was verified in the locked outcome-blind feasibility inputs.,EVID_cbe360d848950c9a400061ed2bcc,The target cutoff is the earliest verified public results/NAV disclosure in the locked outcome-blind feasibility inputs.,yes,yes,yes,yes,yes,"Independent reviewer agreement. Reviewer X: Source prior and current are identical first-lien funded lines at spread 0.055; target prior is the same position described as a senior secured loan at the same spread. One lot each. | Reviewer Y: Source-prior and source-current identifiers match; other_debt/first_lien/funded/spread 0.055 is consistent through time. Target-prior 'Community Brands ParentCo, LLC, First lien senior secured loan' is compatible with the source-current other_debt/first_lien/funded/spread 0.055; missing fields are not treated as agreement or conflict. Each side reports one constituent lot."
D5EV_7b9a3eb8893e474f29a2a17c,D5EC_be5f932c2c95a41f48c0c341,2024-06-30,2024Q2,inw manufacturing,CSWC,CION,Capital Southwest,CION Investment Management,cross_manager,"INW MANUFACTURING, LLC, First Lien",other_debt,first_lien,UNKNOWN,UNKNOWN,,,funded,,"[""INW MANUFACTURING, LLC, First Lien""]",1,2024-08-06 16:08:00.0,"INW MANUFACTURING, LLC, First Lien",other_debt,first_lien,UNKNOWN,UNKNOWN,,,funded,,"[""INW MANUFACTURING, LLC, First Lien""]",1,2024-05-21 16:38:00.0,"INW Manufacturing, LLC., Senior Secured First Lien Debt, 3/25/2027 Maturity",other_debt,first_lien,UNKNOWN,UNKNOWN,,,funded,,"[""INW Manufacturing, LLC., Senior Secured First Lien Debt, 3/25/2027 Maturity""]",1,2024-05-08 18:00:00.0,EVID_30588305b28047c5c60c71526689,EVID_d37e09b68cec70baf2863cc3bb09,EVID_83ae05c063393360703c15f20c3e,2024-08-06T16:08:00Z,2024-08-08T12:30:21.000Z,1.848854,EVID_93096361fd04263cbd08a119b3b6,The source facility mark-public timestamp was verified in the locked outcome-blind feasibility inputs.,EVID_a8715ec70ba550205b401820fdcc,The target cutoff is the earliest verified public results/NAV disclosure in the locked outcome-blind feasibility inputs.,yes,yes,yes,yes,yes,"Independent reviewer agreement. Reviewer X: Source prior and current are the identical first-lien funded line. Target prior is the same borrower first-lien funded debt with an added 3/25/2027 maturity descriptor; spreads are blank on all sides, which is absent evidence rather than conflict. Single lots. | Reviewer Y: Source-prior and source-current identifiers match; other_debt/first_lien/funded is consistent through time. Target-prior 'INW Manufacturing, LLC., Senior Secured First Lien Debt, 3/25/2027 Maturity' is compatible with the source-current other_debt/first_lien/funded; missing fields are not treated as agreement or conflict. Each side reports one constituent lot."
D5EV_4e71db62dd760aa9577c481e,D5EC_7c9e8a416e6aac97106a086e,2024-06-30,2024Q2,lift brands a,CSWC,WHF,Capital Southwest,H.I.G. WhiteHorse,cross_manager,"LIFT BRANDS, INC., Tranche A Term Loan",term_loan,unknown,UNKNOWN,UNKNOWN,,,funded,,"[""LIFT BRANDS, INC., Tranche A Term Loan""]",1,2024-08-06 16:08:00.0,"LIFT BRANDS, INC., Tranche A Term Loan",term_loan,unknown,UNKNOWN,UNKNOWN,,,funded,,"[""LIFT BRANDS, INC., Tranche A Term Loan""]",1,2024-05-21 16:38:00.0,"Lift Brands, Inc First Lien Secured Term Loan A",term_loan,first_lien,UNKNOWN,SOFR,0.075,2025-06-29,funded,2020-06-29,"[""Lift Brands, Inc First Lien Secured Term Loan A""]",1,2024-05-08 07:36:00.0,EVID_3f0474ed450933716cf38f59bf6d,EVID_16a542b02aea9bb19192d612e399,EVID_68357de2969674f1e8339c90da1e,2024-08-06T16:08:00Z,2024-08-08T11:33:30.000Z,1.809375,EVID_3693374b0a438f31cef9193ab6ac,The source facility mark-public timestamp was verified in the locked outcome-blind feasibility inputs.,EVID_97c94be09b438dbb90b864ff2e78,The target cutoff is the earliest verified public results/NAV disclosure in the locked outcome-blind feasibility inputs.,yes,yes,yes,yes,yes,"Independent reviewer agreement. Reviewer X: Source prior and current are the identical Tranche A term loan. Target prior names Term Loan A for the same borrower, so the explicit tranche letter agrees; target first_lien versus source unknown lien is missing evidence, not a conflict, and both are term_loan and funded. Single lots. | Reviewer Y: Source-prior and source-current identifiers match; term_loan/unknown/funded is consistent through time. Target-prior 'Lift Brands, Inc First Lien Secured Term Loan A' is compatible with the source-current term_loan/unknown/funded; missing fields are not treated as agreement or conflict. Each side reports one constituent lot."
D5EV_5e8755cc94dc4d48778758fd,D5EC_91c4bd3c4b21578fef61cf44,2024-06-30,2024Q2,lift brands b,CSWC,WHF,Capital Southwest,H.I.G. WhiteHorse,cross_manager,"LIFT BRANDS, INC., Tranche B Term Loan",term_loan,unknown,UNKNOWN,UNKNOWN,,,funded,,"[""LIFT BRANDS, INC., Tranche B Term Loan""]",1,2024-08-06 16:08:00.0,"LIFT BRANDS, INC., Tranche B Term Loan",term_loan,unknown,UNKNOWN,UNKNOWN,,,funded,,"[""LIFT BRANDS, INC., Tranche B Term Loan""]",1,2024-05-21 16:38:00.0,"Lift Brands, Inc First Lien Secured Term Loan B",term_loan,first_lien,UNKNOWN,UNKNOWN,0.095,2025-06-29,funded,2020-06-29,"[""Lift Brands, Inc First Lien Secured Term Loan B""]",1,2024-05-08 07:36:00.0,EVID_d921e45f14ef1b354376958564d8,EVID_8caed4d9fe18c2d14567301a9f48,EVID_c6bee0f2a14afdf999f55f520d12,2024-08-06T16:08:00Z,2024-08-08T11:33:30.000Z,1.809375,EVID_3dff7bcb623acfb6ae8e696faea4,The source facility mark-public timestamp was verified in the locked outcome-blind feasibility inputs.,EVID_355bd3fc34e6d9e8276c2d2aa97f,The target cutoff is the earliest verified public results/NAV disclosure in the locked outcome-blind feasibility inputs.,yes,yes,yes,yes,yes,"Independent reviewer agreement. Reviewer X: Source prior and current are the identical Tranche B term loan. Target prior names Term Loan B for the same borrower; the tranche letter agrees, both are term_loan and funded, and the unknown source lien is absent evidence. Single lots. | Reviewer Y: Source-prior and source-current identifiers match; term_loan/unknown/funded is consistent through time. Target-prior 'Lift Brands, Inc First Lien Secured Term Loan B' is compatible with the source-current term_loan/unknown/funded; missing fields are not treated as agreement or conflict. Each side reports one constituent lot."
D5EV_0e8e49fa34bce6522ebdf311,D5EC_ee20e041c64ff093603d0786,2024-06-30,2024Q2,petvet care centers,ARCC,OTF,Ares Management,Blue Owl Credit,cross_manager,"PetVet Care Centers, LLC, First lien senior secured loan",other_debt,first_lien,UNKNOWN,UNKNOWN,0.06,,funded,,"[""PetVet Care Centers, LLC, First lien senior secured loan""]",1,2024-07-29 21:10:00.0,"PetVet Care Centers, LLC, First lien senior secured loan",other_debt,first_lien,UNKNOWN,UNKNOWN,0.06,,funded,,"[""PetVet Care Centers, LLC, First lien senior secured loan""]",1,2024-04-30 21:41:00.0,"PetVet Care Centers, LLC, First lien senior secured loan",other_debt,first_lien,UNKNOWN,UNKNOWN,0.06,,funded,,"[""PetVet Care Centers, LLC, First lien senior secured loan""]",1,2024-05-10 17:15:00.0,EVID_a58b136d2054ced38ca91d714527,EVID_3cda603a777646789111c6cdb967,EVID_918dda0ae882124685a9c9a4534c,2024-07-29T21:10:00Z,2024-08-09T20:08:58.000Z,10.957616,EVID_ef8f0b034cae41e50ef929120a50,The source facility mark-public timestamp was verified in the locked outcome-blind feasibility inputs.,EVID_10bafdbe6f739b1e0ecc5618904b,The target cutoff is the earliest verified public results/NAV disclosure in the locked outcome-blind feasibility inputs.,yes,yes,yes,yes,yes,"Independent reviewer agreement. Reviewer X: All three sides carry the identical first-lien funded senior secured loan description at spread 0.06, one lot each. | Reviewer Y: Source-prior and source-current identifiers match; other_debt/first_lien/funded/spread 0.06 is consistent through time. Target-prior 'PetVet Care Centers, LLC, First lien senior secured loan' is compatible with the source-current other_debt/first_lien/funded/spread 0.06; missing fields are not treated as agreement or conflict. Each side reports one constituent lot."
D5EV_210d833e27e3a4b2bc514032,D5EC_abc2fffd1932452d417bdd7c,2024-06-30,2024Q2,statinmed,CSWC,CION,Capital Southwest,CION Investment Management,cross_manager,"STATINMED, LLC, First Lien",other_debt,first_lien,UNKNOWN,UNKNOWN,,,funded,,"[""STATINMED, LLC, First Lien""]",1,2024-08-06 16:08:00.0,"STATINMED, LLC, First Lien",other_debt,first_lien,UNKNOWN,UNKNOWN,,,funded,,"[""STATINMED, LLC, First Lien""]",1,2024-05-21 16:38:00.0,"STATinMED, LLC., Senior Secured First Lien Debt, 7/1/2027 Maturity",other_debt,first_lien,UNKNOWN,UNKNOWN,,,funded,,"[""STATinMED, LLC., Senior Secured First Lien Debt, 7/1/2027 Maturity""]",1,2024-05-08 18:00:00.0,EVID_c0bda907d3781f752a3af5e71a06,EVID_526bde8f855005db71b0b322b5b3,EVID_a9bebbd86a2b381f1741f785c7e2,2024-08-06T16:08:00Z,2024-08-08T12:30:21.000Z,1.848854,EVID_ef5194c22c49ac3ae94af2875ba3,The source facility mark-public timestamp was verified in the locked outcome-blind feasibility inputs.,EVID_5e21d6758be6ca45a2a3d2652e92,The target cutoff is the earliest verified public results/NAV disclosure in the locked outcome-blind feasibility inputs.,yes,yes,yes,yes,yes,"Independent reviewer agreement. Reviewer X: Source prior and current are the identical first-lien funded line. Target prior is the same borrower first-lien funded debt with an added 7/1/2027 maturity descriptor; no spread displayed on either side. Single lots. | Reviewer Y: Source-prior and source-current identifiers match; other_debt/first_lien/funded is consistent through time. Target-prior 'STATinMED, LLC., Senior Secured First Lien Debt, 7/1/2027 Maturity' is compatible with the source-current other_debt/first_lien/funded; missing fields are not treated as agreement or conflict. Each side reports one constituent lot."
D5EV_84d045c1c425e93bbf4e15ca,D5EC_e4360b224ff42b11714a8d09,2024-09-30,2024Q3,allen media,OFS,CION,OFS Capital Management,CION Investment Management,cross_manager,"Allen Media, LLC, First Lien Debt",other_debt,first_lien,UNKNOWN,UNKNOWN,0.055,,funded,,"[""Allen Media, LLC, First Lien Debt""]",1,2024-10-31 17:33:00.0,"Allen Media, LLC, First Lien Debt",other_debt,first_lien,UNKNOWN,UNKNOWN,0.055,,funded,,"[""Allen Media, LLC, First Lien Debt""]",1,2024-08-01 17:33:00.0,"Allen Media, LLC, Senior Secured First Lien Debt, 2/10/2027 Maturity",other_debt,first_lien,UNKNOWN,UNKNOWN,,,funded,,"[""Allen Media, LLC, Senior Secured First Lien Debt, 2/10/2027 Maturity""]",1,2024-08-07 17:53:00.0,EVID_3e5bb292b5b1abad8f4bbdd292e3,EVID_ba4b09c5b0cbee7e35a86d87d29d,EVID_88b767bfa3d1f707c3e84158c49d,2024-10-31T17:33:00Z,2024-11-07T13:30:37.000Z,6.831678,EVID_4e96ef6f6d72c9b08a18da3563df,The source facility mark-public timestamp was verified in the locked outcome-blind feasibility inputs.,EVID_2178250f77e869c5579c114b8872,The target cutoff is the earliest verified public results/NAV disclosure in the locked outcome-blind feasibility inputs.,yes,yes,yes,yes,yes,"Independent reviewer agreement. Reviewer X: Source prior and current are identical first-lien funded lines at spread 0.055. Target prior is the same borrower first-lien funded debt with a maturity descriptor and blank spread, which is missing evidence rather than conflict. Single lots. | Reviewer Y: Source-prior and source-current identifiers match; other_debt/first_lien/funded/spread 0.055 is consistent through time. Target-prior 'Allen Media, LLC, Senior Secured First Lien Debt, 2/10/2027 Maturity' is compatible with the source-current other_debt/first_lien/funded/spread 0.055; missing fields are not treated as agreement or conflict. Each side reports one constituent lot."
D5EV_21b6416a1dc96643d30b94c0,D5EC_b6a00626561f722303122990,2024-09-30,2024Q3,avenue food and provisions,ASIF,GLAD,Ares Management,Gladstone Management,cross_manager,"8th Avenue Food & Provisions, Inc., First lien senior secured loan 1",other_debt,first_lien,UNKNOWN,UNKNOWN,0.0375,,funded,,"[""8th Avenue Food & Provisions, Inc., First lien senior secured loan 1""]",1,2024-11-08 16:15:00.0,"8th Avenue Food & Provisions, Inc., First lien senior secured loan",other_debt,first_lien,UNKNOWN,UNKNOWN,0.0375,,funded,,"[""8th Avenue Food & Provisions, Inc., First lien senior secured loan""]",1,2024-08-13 16:18:00.0,"8th Avenue Food & Provisions, Inc. Term Debt",other_debt,unknown,UNKNOWN,UNKNOWN,,,funded,,"[""8th Avenue Food & Provisions, Inc. Term Debt""]",1,2024-08-07 16:02:00.0,EVID_e0e072c38bfdcebdd7038804ed57,EVID_eff6ec82389b1db50e4f3ed6b7ec,EVID_f0aa295958f8c098f35813ef9b5b,2024-11-08T16:15:00Z,2024-11-13T21:25:32.000Z,5.215648,EVID_d04dd3c4fee36168c508ac422cd7,The source facility mark-public timestamp was verified in the locked outcome-blind feasibility inputs.,EVID_4d624f22f92fa5cbdb3e04dadda6,The target cutoff is the earliest verified public results/NAV disclosure in the locked outcome-blind feasibility inputs.,yes,uncertain,yes,yes,uncertain,"Source-prior '8th Avenue Food & Provisions, Inc., First lien senior secured loan' and source-current '... First lien senior secured loan 1' differ only by a lot suffix, which alone proves neither sameness nor difference; the remaining structure (other_debt, first_lien, funded, spread 0.0375, lot count 1 on both sides) is consistent with continuation and no lien, type, currency, funded or tranche conflict is displayed, so temporal is yes. Target-prior '8th Avenue Food & Provisions, Inc. Term Debt' has lien unknown, no spread, no maturity and a catch-all other_debt type, so cross-lender evidence reduces to borrower equality, which is necessary but never sufficient: uncertain. Each side shows one coherent lot."
D5EV_528e28cd9f932f606a886dfc,D5EC_02533430c56efca24fe1b5ab,2024-09-30,2024Q3,isagenix international,CSWC,CION,Capital Southwest,CION Investment Management,cross_manager,"ISAGENIX INTERNATIONAL, LLC, First Lien",other_debt,first_lien,UNKNOWN,UNKNOWN,,,funded,,"[""ISAGENIX INTERNATIONAL, LLC, First Lien""]",1,2024-10-29 16:19:00.0,"ISAGENIX INTERNATIONAL, LLC, First Lien",other_debt,first_lien,UNKNOWN,UNKNOWN,,,funded,,"[""ISAGENIX INTERNATIONAL, LLC, First Lien""]",1,2024-08-06 16:08:00.0,"Isagenix International, LLC., Senior Secured First Lien Debt, 4/14/2028 Maturity",other_debt,first_lien,UNKNOWN,UNKNOWN,,,funded,,"[""Isagenix International, LLC., Senior Secured First Lien Debt, 4/14/2028 Maturity""]",1,2024-08-07 17:53:00.0,EVID_3f85a4572da54cb3c68a5536ea18,EVID_36b80cbf10093fe04a1b86182d56,EVID_df6bd3819ad1c5227601a13eb324,2024-10-29T16:19:00Z,2024-11-07T13:30:37.000Z,8.883067,EVID_9aa7a692ef38c8ca4fde71ad0d3a,The source facility mark-public timestamp was verified in the locked outcome-blind feasibility inputs.,EVID_c8a3de2405d0dcfe5971b269e222,The target cutoff is the earliest verified public results/NAV disclosure in the locked outcome-blind feasibility inputs.,yes,yes,yes,yes,yes,"Independent reviewer agreement. Reviewer X: Source prior and current are the identical first-lien funded line. Target prior is the same borrower first-lien funded debt with a 4/14/2028 maturity descriptor; spreads blank on all sides. Single lots. | Reviewer Y: Source-prior and source-current identifiers match; other_debt/first_lien/funded is consistent through time. Target-prior 'Isagenix International, LLC., Senior Secured First Lien Debt, 4/14/2028 Maturity' is compatible with the source-current other_debt/first_lien/funded; missing fields are not treated as agreement or conflict. Each side reports one constituent lot."
D5EV_96fd27c17c4971c1b3c580e0,D5EC_418b1e0127c211fda3c9630e,2024-09-30,2024Q3,jp intermediate b,OFS,CION,OFS Capital Management,CION Investment Management,cross_manager,"JP Intermediate B, LLC, First Lien Debt",other_debt,first_lien,UNKNOWN,UNKNOWN,0.055,,funded,,"[""JP Intermediate B, LLC, First Lien Debt""]",1,2024-10-31 17:33:00.0,"JP Intermediate B, LLC, First Lien Debt",other_debt,first_lien,UNKNOWN,UNKNOWN,0.055,,funded,,"[""JP Intermediate B, LLC, First Lien Debt""]",1,2024-08-01 17:33:00.0,"JP Intermediate B, LLC., Senior Secured First Lien Debt, 11/20/2027 Maturity",other_debt,first_lien,UNKNOWN,UNKNOWN,,,funded,,"[""JP Intermediate B, LLC., Senior Secured First Lien Debt, 11/20/2027 Maturity""]",1,2024-08-07 17:53:00.0,EVID_8274b1a10e0a2367097f7269e806,EVID_246e0aeba166d3aee93ef1bafc22,EVID_6bbeb51e82bbdb8c342c1cd81d0b,2024-10-31T17:33:00Z,2024-11-07T13:30:37.000Z,6.831678,EVID_d049c964a6a4a54da14cb0b5a22e,The source facility mark-public timestamp was verified in the locked outcome-blind feasibility inputs.,EVID_d502a4c83d23a711fab42dd8c7e7,The target cutoff is the earliest verified public results/NAV disclosure in the locked outcome-blind feasibility inputs.,yes,yes,yes,yes,yes,"Independent reviewer agreement. Reviewer X: Source prior and current are identical first-lien funded lines at spread 0.055. Target prior is the same borrower first-lien funded debt with a maturity descriptor and blank spread. Single lots. | Reviewer Y: Source-prior and source-current identifiers match; other_debt/first_lien/funded/spread 0.055 is consistent through time. Target-prior 'JP Intermediate B, LLC., Senior Secured First Lien Debt, 11/20/2027 Maturity' is compatible with the source-current other_debt/first_lien/funded/spread 0.055; missing fields are not treated as agreement or conflict. Each side reports one constituent lot."
D5EV_8db09e90c91ed9cfa2d63914,D5EC_f7de0219c42bf43e6527653a,2024-09-30,2024Q3,nellson nutraceutical,OBDC,MSDL,Blue Owl Credit,Morgan Stanley Investment Management,cross_manager,"Nellson Nutraceutical, LLC, First lien senior secured loan",other_debt,first_lien,UNKNOWN,UNKNOWN,0.0575,,funded,,"[""Nellson Nutraceutical, LLC, First lien senior secured loan""]",1,2024-11-06 16:07:00.0,"Nellson Nutraceutical, LLC, First lien senior secured loan",other_debt,first_lien,UNKNOWN,UNKNOWN,0.0575,,funded,,"[""Nellson Nutraceutical, LLC, First lien senior secured loan""]",1,2024-08-07 16:28:00.0,"Nellson Nutraceutical, Inc., First Lien Debt",other_debt,first_lien,UNKNOWN,UNKNOWN,0.0575,,funded,,"[""Nellson Nutraceutical, Inc., First Lien Debt""]",1,2024-08-08 16:02:00.0,EVID_44f5ba46e189719d05c5bd2b51d4,EVID_70da57ceb9c8482df49456a4559b,EVID_8e0d9608a049bc4ff49c2f55288e,2024-11-06T16:07:00Z,2024-11-07T22:09:01.000Z,1.2514,EVID_93d49ba07eb7b32efa0c358dbe54,The source facility mark-public timestamp was verified in the locked outcome-blind feasibility inputs.,EVID_43131b1d09753a163d6adc512fe1,The target cutoff is the earliest verified public results/NAV disclosure in the locked outcome-blind feasibility inputs.,yes,yes,yes,yes,yes,"Independent reviewer agreement. Reviewer X: Source prior and current are the identical first-lien funded senior secured loan at spread 0.0575. Target prior shows the same normalized borrower with a differing entity suffix, same first lien, funded status and spread 0.0575; entity-form wording alone is not a structural conflict. Single lots. | Reviewer Y: Source-prior and source-current identifiers match; other_debt/first_lien/funded/spread 0.0575 is consistent through time. Target-prior 'Nellson Nutraceutical, Inc., First Lien Debt' is compatible with the source-current other_debt/first_lien/funded/spread 0.0575; missing fields are not treated as agreement or conflict. Each side reports one constituent lot."
D5EV_223148adf3c57f1ce429ef5e,D5EC_5f513e79f9d4babae29dba44,2024-09-30,2024Q3,petvet care centers,ARCC,OTF,Ares Management,Blue Owl Credit,cross_manager,"PetVet Care Centers, LLC, First lien senior secured loan",other_debt,first_lien,UNKNOWN,UNKNOWN,0.06,,funded,,"[""PetVet Care Centers, LLC, First lien senior secured loan""]",1,2024-10-29 20:56:00.0,"PetVet Care Centers, LLC, First lien senior secured loan",other_debt,first_lien,UNKNOWN,UNKNOWN,0.06,,funded,,"[""PetVet Care Centers, LLC, First lien senior secured loan""]",1,2024-07-29 21:10:00.0,"PetVet Care Centers, LLC, First lien senior secured loan",other_debt,first_lien,UNKNOWN,UNKNOWN,0.06,,funded,,"[""PetVet Care Centers, LLC, First lien senior secured loan""]",1,2024-08-09 16:09:00.0,EVID_1e6b3c02a4df3241b545c13e20a3,EVID_bf449c774ba0a695d966a077935a,EVID_564036619991295225b2cbccf02c,2024-10-29T20:56:00Z,2024-11-13T21:04:01.000Z,15.005567,EVID_c5137b758bf41783f7a7ede3298a,The source facility mark-public timestamp was verified in the locked outcome-blind feasibility inputs.,EVID_77906df0b8066a4f6e454e1a5cd9,The target cutoff is the earliest verified public results/NAV disclosure in the locked outcome-blind feasibility inputs.,yes,yes,yes,yes,yes,"Independent reviewer agreement. Reviewer X: Identical first-lien funded senior secured loan on all three sides at spread 0.06, one lot each. | Reviewer Y: Source-prior and source-current identifiers match; other_debt/first_lien/funded/spread 0.06 is consistent through time. Target-prior 'PetVet Care Centers, LLC, First lien senior secured loan' is compatible with the source-current other_debt/first_lien/funded/spread 0.06; missing fields are not treated as agreement or conflict. Each side reports one constituent lot."
D5EV_2c8443f93602d23959d6c67a,D5EC_6176c448c6117d8dfcaf88f3,2024-09-30,2024Q3,pye barker fire and safety,ASIF,OTF,Ares Management,Blue Owl Credit,cross_manager,"PYE-Barker Fire & Safety, LLC, First lien senior secured loan",other_debt,first_lien,UNKNOWN,UNKNOWN,0.045,,funded,,"[""PYE-Barker Fire & Safety, LLC, First lien senior secured loan""]",1,2024-11-08 16:15:00.0,"PYE-Barker Fire & Safety, LLC, First lien senior secured loan",other_debt,first_lien,UNKNOWN,UNKNOWN,0.045,,funded,,"[""PYE-Barker Fire & Safety, LLC, First lien senior secured loan""]",1,2024-08-13 16:18:00.0,"Pye-Barker Fire & Safety, LLC, First lien senior secured loan",other_debt,first_lien,UNKNOWN,UNKNOWN,0.045,,funded,,"[""Pye-Barker Fire & Safety, LLC, First lien senior secured loan""]",1,2024-08-09 16:09:00.0,EVID_41a49e6b7837d6c009dafbdb66dd,EVID_cb2b0180123dca23c5a2b295c70a,EVID_f5a39cc5857b06a58481c06818bd,2024-11-08T16:15:00Z,2024-11-13T21:04:01.000Z,5.200706,EVID_ba8b31fd9aa116f0cafa515023bf,The source facility mark-public timestamp was verified in the locked outcome-blind feasibility inputs.,EVID_959706d405ed51768527ebe13ee1,The target cutoff is the earliest verified public results/NAV disclosure in the locked outcome-blind feasibility inputs.,yes,yes,yes,yes,yes,"Independent reviewer agreement. Reviewer X: Identical first-lien funded senior secured loan on all three sides at spread 0.045; target prior differs only in borrower capitalisation. Single lots. | Reviewer Y: Source-prior and source-current identifiers match; other_debt/first_lien/funded/spread 0.045 is consistent through time. Target-prior 'Pye-Barker Fire & Safety, LLC, First lien senior secured loan' is compatible with the source-current other_debt/first_lien/funded/spread 0.045; missing fields are not treated as agreement or conflict. Each side reports one constituent lot."
D5EV_5faab35be7673c082434fcab,D5EC_2e10a4a2316e3730d442caa9,2024-09-30,2024Q3,realpage,ASIF,OTF,Ares Management,Blue Owl Credit,cross_manager,"RealPage, Inc., Second lien senior secured loan",other_debt,second_lien,UNKNOWN,UNKNOWN,0.065,,funded,,"[""RealPage, Inc., Second lien senior secured loan""]",1,2024-11-08 16:15:00.0,"RealPage, Inc., Second lien senior secured loan",other_debt,second_lien,UNKNOWN,UNKNOWN,0.065,,funded,,"[""RealPage, Inc., Second lien senior secured loan""]",1,2024-08-13 16:18:00.0,"REALPAGE, INC., Second lien senior secured loan",other_debt,second_lien,UNKNOWN,UNKNOWN,0.065,,funded,,"[""REALPAGE, INC., Second lien senior secured loan""]",1,2024-08-09 16:09:00.0,EVID_b965298f7a5cbff941b6300a5d63,EVID_35569e95bbfccbc2260e92db9e84,EVID_7523f50212bb2a4137ee7a7574f1,2024-11-08T16:15:00Z,2024-11-13T21:04:01.000Z,5.200706,EVID_080dd0ab5e5a51593706d5d284e7,The source facility mark-public timestamp was verified in the locked outcome-blind feasibility inputs.,EVID_f4ea8b7aada6e083dd3f89c2b204,The target cutoff is the earliest verified public results/NAV disclosure in the locked outcome-blind feasibility inputs.,yes,yes,yes,yes,yes,"Independent reviewer agreement. Reviewer X: Identical second-lien funded senior secured loan on all three sides at spread 0.065, differing only in case. One lot each. | Reviewer Y: Source-prior and source-current identifiers match; other_debt/second_lien/funded/spread 0.065 is consistent through time. Target-prior 'REALPAGE, INC., Second lien senior secured loan' is compatible with the source-current other_debt/second_lien/funded/spread 0.065; missing fields are not treated as agreement or conflict. Each side reports one constituent lot."
D5EV_40fd3f8ad25d3a39cff86129,D5EC_f24adc0d35cc52cf771e6cde,2024-09-30,2024Q3,realpage,CIK1766037,OTF,New Mountain Capital,Blue Owl Credit,cross_manager,"RealPage, Inc., Second Lien",other_debt,second_lien,UNKNOWN,UNKNOWN,0.065,,funded,,"[""RealPage, Inc., Second Lien""]",1,2024-11-13 14:20:00.0,"RealPage, Inc., Second Lien",other_debt,second_lien,UNKNOWN,UNKNOWN,0.065,,funded,,"[""RealPage, Inc., Second Lien""]",1,2024-08-14 15:23:00.0,"REALPAGE, INC., Second lien senior secured loan",other_debt,second_lien,UNKNOWN,UNKNOWN,0.065,,funded,,"[""REALPAGE, INC., Second lien senior secured loan""]",1,2024-08-09 16:09:00.0,EVID_a33008418f2ca11cc5a7320b90eb,EVID_8d9834e71633877ff339b94e7a66,EVID_7523f50212bb2a4137ee7a7574f1,2024-11-13T14:20:00Z,2024-11-13T21:04:01.000Z,0.280567,EVID_a2f577eab9572a0ee7635204ed98,The source facility mark-public timestamp was verified in the locked outcome-blind feasibility inputs.,EVID_45fb257f92aa08adfbf5282fd8a4,The target cutoff is the earliest verified public results/NAV disclosure in the locked outcome-blind feasibility inputs.,yes,yes,yes,yes,yes,"Independent reviewer agreement. Reviewer X: Source prior and current are the identical second-lien funded line at spread 0.065. Target prior is the same borrower second-lien funded senior secured loan at spread 0.065; wording differs only in lender phrasing and case. Single lots. | Reviewer Y: Source-prior and source-current identifiers match; other_debt/second_lien/funded/spread 0.065 is consistent through time. Target-prior 'REALPAGE, INC., Second lien senior secured loan' is compatible with the source-current other_debt/second_lien/funded/spread 0.065; missing fields are not treated as agreement or conflict. Each side reports one constituent lot."
D5EV_79ecfa2da80651a349e27709,D5EC_0eebbe29e45a8e1feabfcba9,2024-09-30,2024Q3,realpage,CIK1781870,OTF,New Mountain Capital,Blue Owl Credit,cross_manager,"RealPage, Inc., Second Lien",other_debt,second_lien,UNKNOWN,UNKNOWN,0.065,,funded,,"[""RealPage, Inc., Second Lien""]",1,2024-11-12 15:18:00.0,"RealPage, Inc., Second Lien",other_debt,second_lien,UNKNOWN,UNKNOWN,0.065,,funded,,"[""RealPage, Inc., Second Lien""]",1,2024-08-14 15:18:00.0,"REALPAGE, INC., Second lien senior secured loan",other_debt,second_lien,UNKNOWN,UNKNOWN,0.065,,funded,,"[""REALPAGE, INC., Second lien senior secured loan""]",1,2024-08-09 16:09:00.0,EVID_367291f18fb28080d505899dd1f2,EVID_5308a35129668b16660dbe1f3211,EVID_7523f50212bb2a4137ee7a7574f1,2024-11-12T15:18:00Z,2024-11-13T21:04:01.000Z,1.240289,EVID_c9c48d76f6ef048751148e3a2253,The source facility mark-public timestamp was verified in the locked outcome-blind feasibility inputs.,EVID_1e0594aaa0903e59270d785415de,The target cutoff is the earliest verified public results/NAV disclosure in the locked outcome-blind feasibility inputs.,yes,yes,yes,yes,yes,"Independent reviewer agreement. Reviewer X: Source prior and current are the identical second-lien funded line at spread 0.065; target prior is the same second-lien funded senior secured loan at the same spread with lender-specific wording. Single lots. | Reviewer Y: Source-prior and source-current identifiers match; other_debt/second_lien/funded/spread 0.065 is consistent through time. Target-prior 'REALPAGE, INC., Second lien senior secured loan' is compatible with the source-current other_debt/second_lien/funded/spread 0.065; missing fields are not treated as agreement or conflict. Each side reports one constituent lot."
D5EV_0e7d36c356bb8ba344365cda,D5EC_86b28a4bd2517beeb7bb3146,2024-09-30,2024Q3,realpage,CIK1925531,OTF,New Mountain Capital,Blue Owl Credit,cross_manager,"RealPage, Inc., Second Lien",other_debt,second_lien,UNKNOWN,UNKNOWN,0.065,,funded,,"[""RealPage, Inc., Second Lien""]",1,2024-11-13 14:29:00.0,"RealPage, Inc., Second Lien",other_debt,second_lien,UNKNOWN,UNKNOWN,0.065,,funded,,"[""RealPage, Inc., Second Lien""]",1,2024-08-13 15:10:00.0,"REALPAGE, INC., Second lien senior secured loan",other_debt,second_lien,UNKNOWN,UNKNOWN,0.065,,funded,,"[""REALPAGE, INC., Second lien senior secured loan""]",1,2024-08-09 16:09:00.0,EVID_7c7f7a2e90e95214a064b9804ce5,EVID_c60dd496c6b65150a96e5a77ce8c,EVID_7523f50212bb2a4137ee7a7574f1,2024-11-13T14:29:00Z,2024-11-13T21:04:01.000Z,0.274317,EVID_e1dd7e3f54f6739166ca2625ba5b,The source facility mark-public timestamp was verified in the locked outcome-blind feasibility inputs.,EVID_0daa3ca3f466638b5419ec3e50ee,The target cutoff is the earliest verified public results/NAV disclosure in the locked outcome-blind feasibility inputs.,yes,yes,yes,yes,yes,"Independent reviewer agreement. Reviewer X: Source prior and current are identical second-lien funded lines at spread 0.065; target prior states the same second-lien funded senior secured loan at spread 0.065. Single lots. | Reviewer Y: Source-prior and source-current identifiers match; other_debt/second_lien/funded/spread 0.065 is consistent through time. Target-prior 'REALPAGE, INC., Second lien senior secured loan' is compatible with the source-current other_debt/second_lien/funded/spread 0.065; missing fields are not treated as agreement or conflict. Each side reports one constituent lot."
D5EV_291a2a8e8508e0808d00ab51,D5EC_c9c324cc68aa6adbc418e529,2024-09-30,2024Q3,realpage,CIK1976719,OTF,New Mountain Capital,Blue Owl Credit,cross_manager,"RealPage, Inc., Second Lien",other_debt,second_lien,UNKNOWN,UNKNOWN,0.065,,funded,,"[""RealPage, Inc., Second Lien""]",1,2024-11-12 15:15:00.0,"RealPage, Inc., Second Lien",other_debt,second_lien,UNKNOWN,UNKNOWN,0.065,,funded,,"[""RealPage, Inc., Second Lien""]",1,2024-08-13 15:15:00.0,"REALPAGE, INC., Second lien senior secured loan",other_debt,second_lien,UNKNOWN,UNKNOWN,0.065,,funded,,"[""REALPAGE, INC., Second lien senior secured loan""]",1,2024-08-09 16:09:00.0,EVID_94f4f74a93e78132ced94b6f6389,EVID_8025b9ad008e2a742feb00dc84fe,EVID_7523f50212bb2a4137ee7a7574f1,2024-11-12T15:15:00Z,2024-11-13T21:04:01.000Z,1.242373,EVID_c8801e122af9c44a59a5a5500d83,The source facility mark-public timestamp was verified in the locked outcome-blind feasibility inputs.,EVID_d863d3fbf2d6015f56c1f6f3d658,The target cutoff is the earliest verified public results/NAV disclosure in the locked outcome-blind feasibility inputs.,yes,yes,yes,yes,yes,"Independent reviewer agreement. Reviewer X: Source prior and current are identical second-lien funded lines at spread 0.065; target prior is the same second-lien funded senior secured loan at the same spread. Single lots. | Reviewer Y: Source-prior and source-current identifiers match; other_debt/second_lien/funded/spread 0.065 is consistent through time. Target-prior 'REALPAGE, INC., Second lien senior secured loan' is compatible with the source-current other_debt/second_lien/funded/spread 0.065; missing fields are not treated as agreement or conflict. Each side reports one constituent lot."
D5EV_96ff5b4cbdaeba17d3cbf37b,D5EC_e524f27c3d20a789c5764eac,2024-09-30,2024Q3,rfs opco,ARCC,MSDL,Ares Management,Morgan Stanley Investment Management,cross_manager,"RFS Opco LLC, First lien senior secured loan",other_debt,first_lien,UNKNOWN,UNKNOWN,0.05,,funded,,"[""RFS Opco LLC, First lien senior secured loan""]",1,2024-10-29 20:56:00.0,"RFS Opco LLC, First lien senior secured loan",other_debt,first_lien,UNKNOWN,UNKNOWN,0.05,,funded,,"[""RFS Opco LLC, First lien senior secured loan""]",1,2024-07-29 21:10:00.0,"RFS Opco LLC, First Lien Debt 1",other_debt,first_lien,UNKNOWN,UNKNOWN,0.05,,funded,,"[""RFS Opco LLC, First Lien Debt 1""]",1,2024-08-08 16:02:00.0,EVID_fd9e476f0a3982287fb152053814,EVID_e413a57b501394f4045ed33ce2dc,EVID_9af315f11abfe19b138c26301ad5,2024-10-29T20:56:00Z,2024-11-07T22:09:01.000Z,9.050706,EVID_d75aee7f93f99cdb32c4c8366eef,The source facility mark-public timestamp was verified in the locked outcome-blind feasibility inputs.,EVID_dc58c534521a6b55664220bd1612,The target cutoff is the earliest verified public results/NAV disclosure in the locked outcome-blind feasibility inputs.,yes,uncertain,yes,yes,uncertain,"Source-prior and source-current identifiers are identical ('RFS Opco LLC, First lien senior secured loan') with other_debt / first_lien / funded / spread 0.05 and lot count 1, so temporal continuation is yes. Target-prior 'RFS Opco LLC, First Lien Debt 1' is an explicitly numbered position on the target side; a single unnumbered source line cannot be resolved to a specific numbered target position, and equal spread 0.05 plus first_lien/funded does not remove that asymmetry while currency, reference rate and maturity are UNKNOWN or blank: uncertain. Each displayed aggregate is one coherent lot describing a single funded first-lien loan."
D5EV_29193e8c4ade8d5fc4130f10,D5EC_ca768146091f11f0764109f7,2024-09-30,2024Q3,snap fitness a stock,WHF,CION,H.I.G. WhiteHorse,CION Investment Management,cross_manager,"Snap Fitness Holdings, Inc Class A Common Stock",common_equity,unknown,UNKNOWN,UNKNOWN,,,funded,2020-06-29,"[""Snap Fitness Holdings, Inc Class A Common Stock""]",1,2024-11-07 07:31:00.0,"Snap Fitness Holdings, Inc Class A Common Stock",common_equity,unknown,UNKNOWN,UNKNOWN,,,funded,2020-06-29,"[""Snap Fitness Holdings, Inc Class A Common Stock""]",1,2024-08-08 07:32:00.0,"Snap Fitness Holdings, Inc., Class A Common Stock., Equity",common_equity,unknown,UNKNOWN,UNKNOWN,,,funded,,"[""Snap Fitness Holdings, Inc., Class A Common Stock., Equity""]",1,2024-08-07 17:53:00.0,EVID_18d49e79ea1e98c8fbe8474c134a,EVID_be8ca44736ca7edacb1d3c22ac8f,EVID_8f1d45389de311eb76ed970c4fe5,2024-11-07T07:31:00Z,2024-11-07T13:30:37.000Z,0.249734,EVID_2ba8377793d6ebb811d25d066797,The source facility mark-public timestamp was verified in the locked outcome-blind feasibility inputs.,EVID_2e6dea5038eaced5599e50095dd4,The target cutoff is the earliest verified public results/NAV disclosure in the locked outcome-blind feasibility inputs.,yes,yes,yes,yes,yes,"Independent reviewer agreement. Reviewer X: Source prior and current are the identical Class A common stock position with acquisition date 2020-06-29; target prior names the same issuer and Class A common stock, with trailing 'Equity' wording and a blank acquisition date treated as formatting and absent evidence. Single lots. | Reviewer Y: Source-prior and source-current identifiers match; common_equity/unknown/funded is consistent through time. Target-prior 'Snap Fitness Holdings, Inc., Class A Common Stock., Equity' is compatible with the source-current common_equity/unknown/funded; missing fields are not treated as agreement or conflict. Each side reports one constituent lot."
D5EV_81b0639ef3a5df20b12adab1,D5EC_602c8530d231f9fba9925f00,2024-09-30,2024Q3,triplepoint acquisition,WHF,SCM,H.I.G. WhiteHorse,Stellus Capital Management,cross_manager,TriplePoint Acquisition Holdings LLC First Lien Secured Term Loan,term_loan,first_lien,UNKNOWN,SOFR,0.055,2029-05-31,funded,2024-06-14,"[""TriplePoint Acquisition Holdings LLC First Lien Secured Term Loan""]",1,2024-11-07 07:31:00.0,TriplePoint Acquisition Holdings LLC First Lien Secured Term Loan,term_loan,first_lien,UNKNOWN,SOFR,0.055,2029-05-31,funded,2024-06-14,"[""TriplePoint Acquisition Holdings LLC First Lien Secured Term Loan""]",1,2024-08-08 07:32:00.0,"TriplePoint Acquisition Holdings LLC, Term Loan",term_loan,unknown,UNKNOWN,UNKNOWN,0.055,2029-05-31,funded,2024-05-31,"[""TriplePoint Acquisition Holdings LLC, Term Loan""]",1,2024-08-07 16:10:00.0,EVID_91f54e5bb267a4a12a31c39e8b21,EVID_b23823cdf93735d782841e3b71b0,EVID_413e92bd25af5b22b27395b5bdbd,2024-11-07T07:31:00Z,2024-11-07T22:29:54.000Z,0.624236,EVID_cbd44cd42e943c8e579f7f6d0ba5,The source facility mark-public timestamp was verified in the locked outcome-blind feasibility inputs.,EVID_0fececd2d60f27616038491380ee,The target cutoff is the earliest verified public results/NAV disclosure in the locked outcome-blind feasibility inputs.,yes,yes,yes,yes,yes,"Independent reviewer agreement. Reviewer X: Source prior and current are the identical first-lien SOFR term loan, spread 0.055, maturity 2029-05-31. Target prior is a term loan for the same borrower with matching spread 0.055 and matching maturity 2029-05-31; unknown target lien and rate are missing evidence and the differing acquisition date is lender-specific. Single lots. | Reviewer Y: Source-prior and source-current identifiers match; term_loan/first_lien/funded/spread 0.055/maturity 2029-05-31 is consistent through time. Target-prior 'TriplePoint Acquisition Holdings LLC, Term Loan' is compatible with the source-current term_loan/first_lien/funded/spread 0.055/maturity 2029-05-31; missing fields are not treated as agreement or conflict. Each side reports one constituent lot."
D5EV_31024582486f6782c726e217,D5EC_7beb88050506f6633916e47d,2024-09-30,2024Q3,xplor t1,ASIF,OTF,Ares Management,Blue Owl Credit,cross_manager,"Xplor T1, LLC, First lien senior secured loan",other_debt,first_lien,UNKNOWN,UNKNOWN,0.0425,,funded,,"[""Xplor T1, LLC, First lien senior secured loan""]",1,2024-11-08 16:15:00.0,"Xplor T1, LLC, First lien senior secured loan",other_debt,first_lien,UNKNOWN,UNKNOWN,0.0425,,funded,,"[""Xplor T1, LLC, First lien senior secured loan""]",1,2024-08-13 16:18:00.0,"XPLOR T1, LLC, First lien senior secured loan",other_debt,first_lien,UNKNOWN,UNKNOWN,0.0425,,funded,,"[""XPLOR T1, LLC, First lien senior secured loan""]",1,2024-08-09 16:09:00.0,EVID_459ed89a2a2b16ea420c77601746,EVID_3009b412e150a18fbd99445b3ddf,EVID_a8d95e0399402d7c6316a1f6695a,2024-11-08T16:15:00Z,2024-11-13T21:04:01.000Z,5.200706,EVID_04c781df1cfdb8353675a2ee12f5,The source facility mark-public timestamp was verified in the locked outcome-blind feasibility inputs.,EVID_383a5b980dae98eeba1318763392,The target cutoff is the earliest verified public results/NAV disclosure in the locked outcome-blind feasibility inputs.,yes,yes,yes,yes,yes,"Independent reviewer agreement. Reviewer X: Identical first-lien funded senior secured loan on all three sides at spread 0.0425, differing only in borrower capitalisation. One lot each. | Reviewer Y: Source-prior and source-current identifiers match; other_debt/first_lien/funded/spread 0.0425 is consistent through time. Target-prior 'XPLOR T1, LLC, First lien senior secured loan' is compatible with the source-current other_debt/first_lien/funded/spread 0.0425; missing fields are not treated as agreement or conflict. Each side reports one constituent lot."
D5EV_f1023e56f9a8a7322097c229,D5EC_9c901a90cb41a1d677b6d1af,2024-12-31,2024Q4,allen media,OFS,CION,OFS Capital Management,CION Investment Management,cross_manager,"Allen Media, LLC, First Lien Debt",other_debt,first_lien,UNKNOWN,UNKNOWN,0.055,,funded,,"[""Allen Media, LLC, First Lien Debt""]",1,2025-03-04 07:58:00.0,"Allen Media, LLC, First Lien Debt",other_debt,first_lien,UNKNOWN,UNKNOWN,0.055,,funded,,"[""Allen Media, LLC, First Lien Debt""]",1,2024-10-31 17:33:00.0,"Allen Media, LLC, Senior Secured First Lien Debt, 2/10/2027 Maturity",other_debt,first_lien,UNKNOWN,UNKNOWN,,,funded,,"[""Allen Media, LLC, Senior Secured First Lien Debt, 2/10/2027 Maturity""]",1,2024-11-06 19:46:00.0,EVID_1d341ab05600197a0eebbfb1a894,EVID_54aa5f10d0cb83e3b0eed5561a0d,EVID_9226784af690840cf2c40013e408,2025-03-04T07:58:00Z,2025-03-13T12:30:50.000Z,9.189468,EVID_e0f1b0b340ddcc5c2b3d84cb3b12,The source facility mark-public timestamp was verified in the locked outcome-blind feasibility inputs.,EVID_aefca576cdaf6a17cc6592c118ec,The target cutoff is the earliest verified public results/NAV disclosure in the locked outcome-blind feasibility inputs.,yes,yes,yes,yes,yes,"Independent reviewer agreement. Reviewer X: Source prior and current are identical first-lien funded lines at spread 0.055; target prior is the same borrower first-lien funded debt with a maturity descriptor and blank spread. Single lots. | Reviewer Y: Source-prior and source-current identifiers match; other_debt/first_lien/funded/spread 0.055 is consistent through time. Target-prior 'Allen Media, LLC, Senior Secured First Lien Debt, 2/10/2027 Maturity' is compatible with the source-current other_debt/first_lien/funded/spread 0.055; missing fields are not treated as agreement or conflict. Each side reports one constituent lot."
D5EV_929a38407e646825ce51d687,D5EC_f1107a6ae848144cdbaa0bb1,2024-12-31,2024Q4,asurion,CIK1661306,OTF,OFS Capital Management,Blue Owl Credit,cross_manager,"Asurion, LLC , Second Lien Debt",other_debt,second_lien,UNKNOWN,UNKNOWN,0.0525,,funded,,"[""Asurion, LLC , Second Lien Debt""]",1,2025-03-14 09:37:00.0,"Asurion, LLC., Second Lien Debt",other_debt,second_lien,UNKNOWN,UNKNOWN,0.0525,,funded,,"[""Asurion, LLC., Second Lien Debt""]",1,2024-11-08 10:26:00.0,"Asurion, LLC, Second lien senior secured loan",other_debt,second_lien,UNKNOWN,UNKNOWN,0.0525,,funded,,"[""Asurion, LLC, Second lien senior secured loan""]",1,2024-11-08 16:14:00.0,EVID_2b8007a411aa2a70d86da5d97c2c,EVID_67fdf53492a4e0338b0cbd43ccbd,EVID_03d8f527cf2f35f6447c6e5cca62,2025-03-14T09:37:00Z,2025-03-24T12:30:17.000Z,10.120336,EVID_e2913e86013317b3b99800b500da,The source facility mark-public timestamp was verified in the locked outcome-blind feasibility inputs.,EVID_64e31a020491ef799716a67e09cc,The target cutoff is the earliest verified public results/NAV disclosure in the locked outcome-blind feasibility inputs.,yes,yes,yes,yes,yes,"Independent reviewer agreement. Reviewer X: Source prior and current differ only in entity punctuation; both are second-lien funded at spread 0.0525. Target prior is the same borrower second-lien funded senior secured loan at spread 0.0525. Single lots. | Reviewer Y: Source-prior and source-current identifiers use compatible wording; other_debt/second_lien/funded/spread 0.0525 is consistent through time. Target-prior 'Asurion, LLC, Second lien senior secured loan' is compatible with the source-current other_debt/second_lien/funded/spread 0.0525; missing fields are not treated as agreement or conflict. Each side reports one constituent lot."
D5EV_9cb1d48eb2aed8e4c9da7e25,D5EC_2d572b423f82b275bfd30b07,2024-12-31,2024Q4,blackhawk network,OBDC,OFS,Blue Owl Credit,OFS Capital Management,cross_manager,"Blackhawk Network Holdings, Inc., First lien senior secured loan",other_debt,first_lien,UNKNOWN,UNKNOWN,0.05,,funded,,"[""Blackhawk Network Holdings, Inc., First lien senior secured loan""]",1,2025-02-19 16:33:00.0,"Blackhawk Network Holdings, Inc., First lien senior secured loan",other_debt,first_lien,UNKNOWN,UNKNOWN,0.05,,funded,,"[""Blackhawk Network Holdings, Inc., First lien senior secured loan""]",1,2024-11-06 16:07:00.0,"Blackhawk Network Holdings, Inc, First Lien Debt",other_debt,first_lien,UNKNOWN,UNKNOWN,0.05,,funded,,"[""Blackhawk Network Holdings, Inc, First Lien Debt""]",1,2024-10-31 17:33:00.0,EVID_8ddf849e95b20f40af2f41f79d0f,EVID_a167ac98c282533648405c9b9388,EVID_1458c288ffd384166686bc2607fe,2025-02-19T16:33:00Z,2025-03-03T21:33:11.000Z,12.208461,EVID_db9ef3536c0e2c35ae911131b944,The source facility mark-public timestamp was verified in the locked outcome-blind feasibility inputs.,EVID_cb61fd947f20c65fec591d5009a6,The target cutoff is the earliest verified public results/NAV disclosure in the locked outcome-blind feasibility inputs.,yes,yes,yes,yes,yes,"Independent reviewer agreement. Reviewer X: Source prior and current are the identical first-lien funded senior secured loan at spread 0.05. Target prior is the same borrower first-lien funded debt at spread 0.05 with lender-specific wording. Single lots. | Reviewer Y: Source-prior and source-current identifiers match; other_debt/first_lien/funded/spread 0.05 is consistent through time. Target-prior 'Blackhawk Network Holdings, Inc, First Lien Debt' is compatible with the source-current other_debt/first_lien/funded/spread 0.05; missing fields are not treated as agreement or conflict. Each side reports one constituent lot."
D5EV_b49ae18bce39e03f3ab75565,D5EC_cdef9e7b676f0779d305b4e7,2024-12-31,2024Q4,finastra usa,CIK1872371,OTF,Oaktree Capital Management,Blue Owl Credit,cross_manager,"Finastra USA, Inc., First Lien Revolver",revolver,first_lien,UNKNOWN,UNKNOWN,0.0725,,funded,,"[""Finastra USA, Inc., First Lien Revolver""]",1,2025-02-11 19:03:00.0,"Finastra USA, Inc., First Lien Revolver",revolver,first_lien,UNKNOWN,UNKNOWN,0.0725,,funded,,"[""Finastra USA, Inc., First Lien Revolver""]",1,2024-12-18 18:33:00.0,"Finastra USA, Inc., First lien senior secured revolving loan",revolver,first_lien,UNKNOWN,UNKNOWN,0.0725,,funded,,"[""Finastra USA, Inc., First lien senior secured revolving loan""]",1,2024-11-08 16:14:00.0,EVID_7e90c0b85aa9ec4c4924df14c549,EVID_2a66f7fdeb61720539a493828303,EVID_72ef47fd85c3c6c6269f470bed8d,2025-02-11T19:03:00Z,2025-03-24T12:30:17.000Z,40.72728,EVID_b55c7aa17f13ea6568c26607b9ab,The source facility mark-public timestamp was verified in the locked outcome-blind feasibility inputs.,EVID_e854f4142a6a7d133ed4a8b4ad68,The target cutoff is the earliest verified public results/NAV disclosure in the locked outcome-blind feasibility inputs.,yes,yes,yes,yes,yes,"Independent reviewer agreement. Reviewer X: Source prior and current are the identical first-lien revolver at spread 0.0725. Target prior is a first-lien senior secured revolving loan for the same borrower at spread 0.0725; both are typed as revolver, so facility type agrees. Single lots. | Reviewer Y: Source-prior and source-current identifiers match; revolver/first_lien/funded/spread 0.0725 is consistent through time. Target-prior 'Finastra USA, Inc., First lien senior secured revolving loan' is compatible with the source-current revolver/first_lien/funded/spread 0.0725; missing fields are not treated as agreement or conflict. Each side reports one constituent lot."
D5EV_2872475ec640faf7eb7b6f3a,D5EC_fb54ac0b4ddad64153990661,2024-12-31,2024Q4,forescout technologies,ARCC,OTF,Ares Management,Blue Owl Credit,cross_manager,"Forescout Technologies, Inc., First lien senior secured loan",other_debt,first_lien,UNKNOWN,UNKNOWN,0.05,,funded,,"[""Forescout Technologies, Inc., First lien senior secured loan""]",1,2025-02-04 21:36:00.0,"Forescout Technologies, Inc., First lien senior secured loan",other_debt,first_lien,UNKNOWN,UNKNOWN,0.05,,funded,,"[""Forescout Technologies, Inc., First lien senior secured loan""]",1,2024-10-29 20:56:00.0,"Forescout Technologies, Inc., First lien senior secured loan",other_debt,first_lien,UNKNOWN,UNKNOWN,0.05,,funded,,"[""Forescout Technologies, Inc., First lien senior secured loan""]",1,2024-11-08 16:14:00.0,EVID_68275cd774dacf00914244b7fa3b,EVID_fea276c50c9ad0280f9afce5dd55,EVID_8a4af4404fff633d0e72c3a7c90d,2025-02-04T21:36:00Z,2025-03-24T12:30:17.000Z,47.62103,EVID_8595a59a9158ecd5bdf58d4bc368,The source facility mark-public timestamp was verified in the locked outcome-blind feasibility inputs.,EVID_ecf1c2509e3a70e9634440e7b8e6,The target cutoff is the earliest verified public results/NAV disclosure in the locked outcome-blind feasibility inputs.,yes,yes,yes,yes,yes,"Independent reviewer agreement. Reviewer X: Identical first-lien funded senior secured loan on all three sides at spread 0.05, one lot each. | Reviewer Y: Source-prior and source-current identifiers match; other_debt/first_lien/funded/spread 0.05 is consistent through time. Target-prior 'Forescout Technologies, Inc., First lien senior secured loan' is compatible with the source-current other_debt/first_lien/funded/spread 0.05; missing fields are not treated as agreement or conflict. Each side reports one constituent lot."
D5EV_44167ecf393fca0a38b730cc,D5EC_482fd8bfe4a7eea7821e6620,2024-12-31,2024Q4,inw manufacturing,CSWC,CION,Capital Southwest,CION Investment Management,cross_manager,"INW MANUFACTURING, LLC, First Lien",other_debt,first_lien,UNKNOWN,UNKNOWN,,,funded,,"[""INW MANUFACTURING, LLC, First Lien""]",1,2025-02-04 16:06:00.0,"INW MANUFACTURING, LLC, First Lien",other_debt,first_lien,UNKNOWN,UNKNOWN,0.0575,,funded,,"[""INW MANUFACTURING, LLC, First Lien""]",1,2024-10-29 16:19:00.0,"INW Manufacturing, LLC., Senior Secured First Lien Debt, 3/25/2027 Maturity",other_debt,first_lien,UNKNOWN,UNKNOWN,,,funded,,"[""INW Manufacturing, LLC., Senior Secured First Lien Debt, 3/25/2027 Maturity""]",1,2024-11-06 19:46:00.0,EVID_e58969942852772bd6a1c00003a0,EVID_917a6af946eeb815042df205666c,EVID_250c0eadfe5f28e9216462bcdace,2025-02-04T16:06:00Z,2025-03-13T12:30:50.000Z,36.850579,EVID_fd52484a5f23c7bee2bd309842ef,The source facility mark-public timestamp was verified in the locked outcome-blind feasibility inputs.,EVID_6243557770202a70b2436fd2b3a6,The target cutoff is the earliest verified public results/NAV disclosure in the locked outcome-blind feasibility inputs.,yes,yes,yes,yes,yes,"Independent reviewer agreement. Reviewer X: Source prior and current share the identical first-lien funded identifier; the spread shown on prior and blank on current is missing evidence, not a conflict. Target prior is the same borrower first-lien funded debt with a 3/25/2027 maturity descriptor. Single lots. | Reviewer Y: Source-prior and source-current identifiers match; other_debt/first_lien/funded is consistent through time. Target-prior 'INW Manufacturing, LLC., Senior Secured First Lien Debt, 3/25/2027 Maturity' is compatible with the source-current other_debt/first_lien/funded; missing fields are not treated as agreement or conflict. Each side reports one constituent lot."
D5EV_8d88b8aad171e0558438e1d7,D5EC_c63a45369ececb32ef550d49,2024-12-31,2024Q4,isagenix international,CSWC,CION,Capital Southwest,CION Investment Management,cross_manager,"ISAGENIX INTERNATIONAL, LLC, First Lien",other_debt,first_lien,UNKNOWN,UNKNOWN,,,funded,,"[""ISAGENIX INTERNATIONAL, LLC, First Lien""]",1,2025-02-04 16:06:00.0,"ISAGENIX INTERNATIONAL, LLC, First Lien",other_debt,first_lien,UNKNOWN,UNKNOWN,,,funded,,"[""ISAGENIX INTERNATIONAL, LLC, First Lien""]",1,2024-10-29 16:19:00.0,"Isagenix International, LLC., Senior Secured First Lien Debt, 4/14/2028 Maturity",other_debt,first_lien,UNKNOWN,UNKNOWN,,,funded,,"[""Isagenix International, LLC., Senior Secured First Lien Debt, 4/14/2028 Maturity""]",1,2024-11-06 19:46:00.0,EVID_a0b9404f3499be8eb213fe831191,EVID_987c19f9b46a1aad8baec9ddc530,EVID_b60623b2e42bdfb6d49eb5bb6f54,2025-02-04T16:06:00Z,2025-03-13T12:30:50.000Z,36.850579,EVID_f847fb8fd11d374eb95d8d60331c,The source facility mark-public timestamp was verified in the locked outcome-blind feasibility inputs.,EVID_dcec169a6a2c4fb26bc07a6954b9,The target cutoff is the earliest verified public results/NAV disclosure in the locked outcome-blind feasibility inputs.,yes,yes,yes,yes,yes,"Independent reviewer agreement. Reviewer X: Source prior and current are the identical first-lien funded line; target prior is the same borrower first-lien funded debt with a 4/14/2028 maturity descriptor and no spread on either side. Single lots. | Reviewer Y: Source-prior and source-current identifiers match; other_debt/first_lien/funded is consistent through time. Target-prior 'Isagenix International, LLC., Senior Secured First Lien Debt, 4/14/2028 Maturity' is compatible with the source-current other_debt/first_lien/funded; missing fields are not treated as agreement or conflict. Each side reports one constituent lot."
D5EV_0886264549f8d1edc918c351,D5EC_13a13ce210b39f91047226c1,2024-12-31,2024Q4,lab logistics,CSWC,WHF,Capital Southwest,H.I.G. WhiteHorse,cross_manager,"LAB LOGISTICS, LLC, Revolving Loan",revolver,unknown,UNKNOWN,UNKNOWN,,,funded,,"[""LAB LOGISTICS, LLC, Revolving Loan""]",1,2025-02-04 16:06:00.0,"LAB LOGISTICS, LLC, Revolving Loan",revolver,unknown,UNKNOWN,UNKNOWN,0.0725,,funded,,"[""LAB LOGISTICS, LLC, Revolving Loan""]",1,2024-10-29 16:19:00.0,"Lab Logistics, LLC First Lien Secured Revolving Loan",revolver,first_lien,UNKNOWN,SOFR,0.0725,2025-12-31,funded,2024-09-17,"[""Lab Logistics, LLC First Lien Secured Revolving Loan""]",1,2024-11-07 07:31:00.0,EVID_f9b4ec878b4c79a424c788f1aa0f,EVID_69b2efd6de9209a2cd21317287a0,EVID_a52b0ed3ab795f6857a499222c18,2025-02-04T16:06:00Z,2025-03-07T12:30:23.000Z,30.850266,EVID_baff283d765a819e647156a247bc,The source facility mark-public timestamp was verified in the locked outcome-blind feasibility inputs.,EVID_7e7d47ff54c799eed05f846ce097,The target cutoff is the earliest verified public results/NAV disclosure in the locked outcome-blind feasibility inputs.,yes,yes,yes,yes,yes,"Independent reviewer agreement. Reviewer X: Source prior and current share the identical revolving loan identifier; the spread present on prior and blank on current is missing evidence. Target prior is a first-lien secured revolving loan for the same borrower, also typed revolver and funded; the unknown source lien is absent evidence rather than conflict. Single lots. | Reviewer Y: Source-prior and source-current identifiers match; revolver/unknown/funded is consistent through time. Target-prior 'Lab Logistics, LLC First Lien Secured Revolving Loan' is compatible with the source-current revolver/unknown/funded; missing fields are not treated as agreement or conflict. Each side reports one constituent lot."
D5EV_12cdbe603d26ce6ee557c68c,D5EC_d5cf15b8c686ce3e7be12091,2024-12-31,2024Q4,lift brands a,CSWC,WHF,Capital Southwest,H.I.G. WhiteHorse,cross_manager,"LIFT BRANDS, INC., Tranche A Term Loan",term_loan,unknown,UNKNOWN,UNKNOWN,,,funded,,"[""LIFT BRANDS, INC., Tranche A Term Loan""]",1,2025-02-04 16:06:00.0,"LIFT BRANDS, INC., Tranche A Term Loan",term_loan,unknown,UNKNOWN,UNKNOWN,0.075,,funded,,"[""LIFT BRANDS, INC., Tranche A Term Loan""]",1,2024-10-29 16:19:00.0,"Lift Brands, Inc First Lien Secured Term Loan A",term_loan,first_lien,UNKNOWN,SOFR,0.075,2025-06-29,funded,2020-06-29,"[""Lift Brands, Inc First Lien Secured Term Loan A""]",1,2024-11-07 07:31:00.0,EVID_2491e1a2673f8a4b2a205f09d1bb,EVID_82260a6e9a1dc80796a2b117fd6d,EVID_daa693067614b0550b4604095cfe,2025-02-04T16:06:00Z,2025-03-07T12:30:23.000Z,30.850266,EVID_3a164b9d42af02e95ca0b8952b2f,The source facility mark-public timestamp was verified in the locked outcome-blind feasibility inputs.,EVID_f4b07cf2c8203df2e63e11d9617b,The target cutoff is the earliest verified public results/NAV disclosure in the locked outcome-blind feasibility inputs.,yes,yes,yes,yes,yes,"Independent reviewer agreement. Reviewer X: Source prior and current are the identical Tranche A term loan; the blank current spread is missing evidence. Target prior names Term Loan A for the same borrower at spread 0.075, so the tranche letter and term_loan type agree. Single lots. | Reviewer Y: Source-prior and source-current identifiers match; term_loan/unknown/funded is consistent through time. Target-prior 'Lift Brands, Inc First Lien Secured Term Loan A' is compatible with the source-current term_loan/unknown/funded; missing fields are not treated as agreement or conflict. Each side reports one constituent lot."
D5EV_ae9fddd6692c2d1fb78938ed,D5EC_ecb3c214ed5d800666f30c39,2024-12-31,2024Q4,lift brands b,CSWC,WHF,Capital Southwest,H.I.G. WhiteHorse,cross_manager,"LIFT BRANDS, INC., Tranche B Term Loan",term_loan,unknown,UNKNOWN,UNKNOWN,,,funded,,"[""LIFT BRANDS, INC., Tranche B Term Loan""]",1,2025-02-04 16:06:00.0,"LIFT BRANDS, INC., Tranche B Term Loan",term_loan,unknown,UNKNOWN,UNKNOWN,,,funded,,"[""LIFT BRANDS, INC., Tranche B Term Loan""]",1,2024-10-29 16:19:00.0,"Lift Brands, Inc First Lien Secured Term Loan B",term_loan,first_lien,UNKNOWN,UNKNOWN,0.095,2025-06-29,funded,2020-06-29,"[""Lift Brands, Inc First Lien Secured Term Loan B""]",1,2024-11-07 07:31:00.0,EVID_ae2483acd063218fd5ee69675934,EVID_0bdacd70973db0316d990335f465,EVID_55b2888f95e1d518ee589cdd9c54,2025-02-04T16:06:00Z,2025-03-07T12:30:23.000Z,30.850266,EVID_5d40a1c04f22b20522d5135451df,The source facility mark-public timestamp was verified in the locked outcome-blind feasibility inputs.,EVID_8848bdaae746b9984a213802b995,The target cutoff is the earliest verified public results/NAV disclosure in the locked outcome-blind feasibility inputs.,yes,yes,yes,yes,yes,"Independent reviewer agreement. Reviewer X: Source prior and current are the identical Tranche B term loan with no spread displayed. Target prior names Term Loan B for the same borrower, matching the explicit tranche letter and term_loan type; unknown source lien is absent evidence. Single lots. | Reviewer Y: Source-prior and source-current identifiers match; term_loan/unknown/funded is consistent through time. Target-prior 'Lift Brands, Inc First Lien Secured Term Loan B' is compatible with the source-current term_loan/unknown/funded; missing fields are not treated as agreement or conflict. Each side reports one constituent lot."
D5EV_bdd36469d2423b4d784e3b98,D5EC_a1ca6aebbf08f4c8a07f6d2d,2024-12-31,2024Q4,m2s intermediate,OCSL,WHF,Oaktree Capital Management,H.I.G. WhiteHorse,cross_manager,"M2S Group Intermediate Holdings Inc, First Lien Term Loan",term_loan,first_lien,UNKNOWN,UNKNOWN,0.0475,,funded,,"[""M2S Group Intermediate Holdings Inc, First Lien Term Loan""]",1,2025-02-03 17:56:00.0,"M2S Group Intermediate Holdings Inc, First Lien Term Loan",term_loan,first_lien,UNKNOWN,UNKNOWN,0.0475,,funded,,"[""M2S Group Intermediate Holdings Inc, First Lien Term Loan""]",1,2024-11-18 17:46:00.0,"M2S Group Intermediate Holdings, Inc. First Lien Secured Term Loan",term_loan,first_lien,UNKNOWN,UNKNOWN,0.0475,2031-08-25,funded,2024-08-22,"[""M2S Group Intermediate Holdings, Inc. First Lien Secured Term Loan""]",1,2024-11-07 07:31:00.0,EVID_ac5fbe555b642896272c80c581fc,EVID_bb82807ecf40824aaa4002e674b4,EVID_674b71785abfba9685fc502caf86,2025-02-03T17:56:00Z,2025-03-07T12:30:23.000Z,31.773877,EVID_12053ca8d1e42915b02cd9a8d8c5,The source facility mark-public timestamp was verified in the locked outcome-blind feasibility inputs.,EVID_7d3a5271f55ea6419f950a69e902,The target cutoff is the earliest verified public results/NAV disclosure in the locked outcome-blind feasibility inputs.,yes,yes,yes,yes,yes,"Independent reviewer agreement. Reviewer X: Source prior and current are the identical first-lien term loan at spread 0.0475. Target prior is a first-lien secured term loan for the same borrower at spread 0.0475; the extra maturity and acquisition detail is additional lender disclosure, not a conflict. Single lots. | Reviewer Y: Source-prior and source-current identifiers match; term_loan/first_lien/funded/spread 0.0475 is consistent through time. Target-prior 'M2S Group Intermediate Holdings, Inc. First Lien Secured Term Loan' is compatible with the source-current term_loan/first_lien/funded/spread 0.0475; missing fields are not treated as agreement or conflict. Each side reports one constituent lot."
D5EV_6a95a1a785595ec2522cfccb,D5EC_23dcc5032e759dcd25eebc54,2024-12-31,2024Q4,nellson nutraceutical,OBDC,MSDL,Blue Owl Credit,Morgan Stanley Investment Management,cross_manager,"Nellson Nutraceutical, LLC, First lien senior secured loan",other_debt,first_lien,UNKNOWN,UNKNOWN,0.0575,,funded,,"[""Nellson Nutraceutical, LLC, First lien senior secured loan""]",1,2025-02-19 16:33:00.0,"Nellson Nutraceutical, LLC, First lien senior secured loan",other_debt,first_lien,UNKNOWN,UNKNOWN,0.0575,,funded,,"[""Nellson Nutraceutical, LLC, First lien senior secured loan""]",1,2024-11-06 16:07:00.0,"Nellson Nutraceutical, Inc., First Lien Debt",other_debt,first_lien,UNKNOWN,UNKNOWN,0.0575,,funded,,"[""Nellson Nutraceutical, Inc., First Lien Debt""]",1,2024-11-07 16:23:00.0,EVID_ee37be20e14a111cb09290343bec,EVID_58050ad1970f94feb6512ab6762c,EVID_ce4028084e021f5c9a9d752d2aac,2025-02-19T16:33:00Z,2025-02-27T21:18:13.000Z,8.198067,EVID_8d826ee34d13bfb6b3aca5bb0126,The source facility mark-public timestamp was verified in the locked outcome-blind feasibility inputs.,EVID_449facdbcf4c6d613b396b48f576,The target cutoff is the earliest verified public results/NAV disclosure in the locked outcome-blind feasibility inputs.,yes,yes,yes,yes,yes,"Independent reviewer agreement. Reviewer X: Source prior and current are the identical first-lien funded senior secured loan at spread 0.0575; target prior shows the same normalized borrower with a differing entity suffix, same lien, funded status and spread. Single lots. | Reviewer Y: Source-prior and source-current identifiers match; other_debt/first_lien/funded/spread 0.0575 is consistent through time. Target-prior 'Nellson Nutraceutical, Inc., First Lien Debt' is compatible with the source-current other_debt/first_lien/funded/spread 0.0575; missing fields are not treated as agreement or conflict. Each side reports one constituent lot."
D5EV_f1018b988fe4aa8a8e1b8ed0,D5EC_f7592964d5fbdb763f0e6b51,2024-12-31,2024Q4,petvet care centers,ARCC,OTF,Ares Management,Blue Owl Credit,cross_manager,"PetVet Care Centers, LLC, First lien senior secured loan",other_debt,first_lien,UNKNOWN,UNKNOWN,0.06,,funded,,"[""PetVet Care Centers, LLC, First lien senior secured loan""]",1,2025-02-04 21:36:00.0,"PetVet Care Centers, LLC, First lien senior secured loan",other_debt,first_lien,UNKNOWN,UNKNOWN,0.06,,funded,,"[""PetVet Care Centers, LLC, First lien senior secured loan""]",1,2024-10-29 20:56:00.0,"PetVet Care Centers, LLC, First lien senior secured loan",other_debt,first_lien,UNKNOWN,UNKNOWN,0.06,,funded,,"[""PetVet Care Centers, LLC, First lien senior secured loan""]",1,2024-11-08 16:14:00.0,EVID_168e91ed7b3ab5f37ab85c8d3222,EVID_46ef6ff27e1fbefe71ca4f745046,EVID_218b15db79e6ed873b385984e881,2025-02-04T21:36:00Z,2025-03-24T12:30:17.000Z,47.62103,EVID_cea9cb78160c6a864077781f57b5,The source facility mark-public timestamp was verified in the locked outcome-blind feasibility inputs.,EVID_4986900883a8c52504f03f450458,The target cutoff is the earliest verified public results/NAV disclosure in the locked outcome-blind feasibility inputs.,yes,yes,yes,yes,yes,"Independent reviewer agreement. Reviewer X: Identical first-lien funded senior secured loan on all three sides at spread 0.06, one lot each. | Reviewer Y: Source-prior and source-current identifiers match; other_debt/first_lien/funded/spread 0.06 is consistent through time. Target-prior 'PetVet Care Centers, LLC, First lien senior secured loan' is compatible with the source-current other_debt/first_lien/funded/spread 0.06; missing fields are not treated as agreement or conflict. Each side reports one constituent lot."
D5EV_461b4522db818800b411cf81,D5EC_fbb4527273d8c3233b3a9d6b,2024-12-31,2024Q4,pye barker fire and safety,ASIF,OTF,Ares Management,Blue Owl Credit,cross_manager,"PYE-Barker Fire & Safety, LLC, First lien senior secured revolving loan",revolver,first_lien,UNKNOWN,UNKNOWN,0.045,,funded,,"[""PYE-Barker Fire & Safety, LLC, First lien senior secured revolving loan""]",1,2025-03-10 16:16:00.0,"PYE-Barker Fire & Safety, LLC, First lien senior secured revolving loan",revolver,first_lien,UNKNOWN,UNKNOWN,0.045,,funded,,"[""PYE-Barker Fire & Safety, LLC, First lien senior secured revolving loan""]",1,2024-11-08 16:15:00.0,"Pye-Barker Fire & Safety, LLC, First lien senior secured revolving loan",revolver,first_lien,UNKNOWN,UNKNOWN,0.045,,funded,,"[""Pye-Barker Fire & Safety, LLC, First lien senior secured revolving loan""]",1,2024-11-08 16:14:00.0,EVID_d2be1a37ecbfa041a27402a15db5,EVID_56bffb1d8bf456f74de097ef26da,EVID_2aa1928f18db7e73a95e8f0ff536,2025-03-10T16:16:00Z,2025-03-24T12:30:17.000Z,13.843252,EVID_44d83a6e18863bedd4f26833fc1c,The source facility mark-public timestamp was verified in the locked outcome-blind feasibility inputs.,EVID_3c158ed95607bf67c8065e581258,The target cutoff is the earliest verified public results/NAV disclosure in the locked outcome-blind feasibility inputs.,yes,yes,yes,yes,yes,"Independent reviewer agreement. Reviewer X: Source prior and current are the identical first-lien revolving loan at spread 0.045, both typed revolver. Target prior is the same borrower first-lien senior secured revolving loan at spread 0.045, also typed revolver. Single lots. | Reviewer Y: Source-prior and source-current identifiers match; revolver/first_lien/funded/spread 0.045 is consistent through time. Target-prior 'Pye-Barker Fire & Safety, LLC, First lien senior secured revolving loan' is compatible with the source-current revolver/first_lien/funded/spread 0.045; missing fields are not treated as agreement or conflict. Each side reports one constituent lot."
D5EV_16089877a8f98d5b837ead2b,D5EC_fce2bb2fb601951ab0abd7cd,2024-12-31,2024Q4,pye barker fire and safety,ASIF,OTF,Ares Management,Blue Owl Credit,cross_manager,"PYE-Barker Fire & Safety, LLC, First lien senior secured loan",other_debt,first_lien,UNKNOWN,UNKNOWN,0.045,,funded,,"[""PYE-Barker Fire & Safety, LLC, First lien senior secured loan""]",1,2025-03-10 16:16:00.0,"PYE-Barker Fire & Safety, LLC, First lien senior secured loan",other_debt,first_lien,UNKNOWN,UNKNOWN,0.045,,funded,,"[""PYE-Barker Fire & Safety, LLC, First lien senior secured loan""]",1,2024-11-08 16:15:00.0,"Pye-Barker Fire & Safety, LLC, First lien senior secured loan",other_debt,first_lien,UNKNOWN,UNKNOWN,0.045,,funded,,"[""Pye-Barker Fire & Safety, LLC, First lien senior secured loan""]",1,2024-11-08 16:14:00.0,EVID_521cc1b9a69decb5af32e0ea8c62,EVID_da1e9ac8d583f3df68add73b23aa,EVID_cbe78f0e4d75750cc3b99365ddc4,2025-03-10T16:16:00Z,2025-03-24T12:30:17.000Z,13.843252,EVID_0e894c732065afdf54f841691f21,The source facility mark-public timestamp was verified in the locked outcome-blind feasibility inputs.,EVID_99c411d1b0648f5bd8548eacc950,The target cutoff is the earliest verified public results/NAV disclosure in the locked outcome-blind feasibility inputs.,yes,yes,yes,yes,yes,"Independent reviewer agreement. Reviewer X: Source prior and current are the identical first-lien funded senior secured loan at spread 0.045, typed other_debt rather than revolver. Target prior is the same non-revolving first-lien funded loan at spread 0.045. Single lots. | Reviewer Y: Source-prior and source-current identifiers match; other_debt/first_lien/funded/spread 0.045 is consistent through time. Target-prior 'Pye-Barker Fire & Safety, LLC, First lien senior secured loan' is compatible with the source-current other_debt/first_lien/funded/spread 0.045; missing fields are not treated as agreement or conflict. Each side reports one constituent lot."
D5EV_e178d4f3cb3d637d081942e1,D5EC_7b1dc1a2b4315d00d576b5c1,2024-12-31,2024Q4,securities,CIK1715933,LIEN,TCW,Chicago Atlantic,cross_manager,Debt Securities,other_debt,unknown,UNKNOWN,UNKNOWN,,,funded,,"[""Debt Securities""]",1,2025-03-26 18:49:00.0,Debt Securities,other_debt,unknown,UNKNOWN,UNKNOWN,,,funded,,"[""Debt Securities""]",1,2024-11-12 11:47:00.0,Debt Securities,other_debt,unknown,UNKNOWN,UNKNOWN,,,funded,,"[""Debt Securities""]",1,2024-11-07 17:41:00.0,EVID_8a011b4714a49fffb0e14a6cb06e,EVID_9ce303766a9873c97b0d5fa3ca60,EVID_358c1ee13f971656c48dc4908c94,2025-03-26T18:49:00Z,2025-03-31T11:00:57.000Z,4.674965,EVID_862f2c4ac5dcecaa31498b88b8c5,The source facility mark-public timestamp was verified in the locked outcome-blind feasibility inputs.,EVID_583182012241be668937472a3274,The target cutoff is the earliest verified public results/NAV disclosure in the locked outcome-blind feasibility inputs.,uncertain,uncertain,uncertain,uncertain,uncertain,"All three identifiers are the catch-all heading 'Debt Securities' with type other_debt and funded status, while lien is unknown and currency, reference rate, spread, maturity and acquisition date are UNKNOWN or blank. A class-level heading must not be treated as an exact facility label, so neither temporal nor cross-lender facility identity can be decided (uncertain, not no, because no lien, type, currency, funded or tranche conflict is displayed). For both aggregation checks the single constituent description at lot count 1 is too generic to determine whether the grouped lot is one economic facility or a class of instruments; nothing displayed positively demonstrates that structurally distinct facilities were combined, so uncertain rather than no."
D5EV_87a178fe2605a2efcf55fba1,D5EC_4bd5456c38911048cbe47633,2024-12-31,2024Q4,triplepoint acquisition,CIK1901037,WHF,Stellus Capital Management,H.I.G. WhiteHorse,cross_manager,TriplePoint Acquisition Holdings LLC Term Loan,term_loan,unknown,UNKNOWN,SOFR,0.055,2029-05-31,funded,2024-05-31,"[""TriplePoint Acquisition Holdings LLC Term Loan""]",1,2025-03-06 17:29:00.0,TriplePoint Acquisition Holdings LLC Term Loan,term_loan,unknown,UNKNOWN,SOFR,0.055,2029-05-31,funded,2024-05-31,"[""TriplePoint Acquisition Holdings LLC Term Loan""]",1,2024-11-08 18:03:00.0,TriplePoint Acquisition Holdings LLC First Lien Secured Term Loan,term_loan,first_lien,UNKNOWN,SOFR,0.055,2029-05-31,funded,2024-06-14,"[""TriplePoint Acquisition Holdings LLC First Lien Secured Term Loan""]",1,2024-11-07 07:31:00.0,EVID_06d9c3e20566ecf5f8523eba51ac,EVID_1edca285df3c3947dd245ad69d2a,EVID_abcab5920bc3cf25c1f39885c556,2025-03-06T17:29:00Z,2025-03-07T12:30:23.000Z,0.792627,EVID_6fbb92b9aae2fb2700d951f809a8,The source facility mark-public timestamp was verified in the locked outcome-blind feasibility inputs.,EVID_a64efbb3fcce2cee095ae2eafc4a,The target cutoff is the earliest verified public results/NAV disclosure in the locked outcome-blind feasibility inputs.,yes,yes,yes,yes,yes,"Independent reviewer agreement. Reviewer X: Source prior and current are the identical SOFR term loan, spread 0.055, maturity 2029-05-31. Target prior is a first-lien secured term loan for the same borrower with matching rate, spread and maturity; the unknown source lien is missing evidence and the differing acquisition date is lender-specific. Single lots. | Reviewer Y: Source-prior and source-current identifiers match; term_loan/unknown/funded/spread 0.055/maturity 2029-05-31 is consistent through time. Target-prior 'TriplePoint Acquisition Holdings LLC First Lien Secured Term Loan' is compatible with the source-current term_loan/unknown/funded/spread 0.055/maturity 2029-05-31; missing fields are not treated as agreement or conflict. Each side reports one constituent lot."
D5EV_d41ba6669cd8282839502643,D5EC_64cedc5a52b94ccefb424b21,2024-12-31,2024Q4,triplepoint acquisition,SCM,WHF,Stellus Capital Management,H.I.G. WhiteHorse,cross_manager,"TriplePoint Acquisition Holdings LLC, Term Loan",term_loan,unknown,UNKNOWN,UNKNOWN,0.055,2029-05-31,funded,2024-05-31,"[""TriplePoint Acquisition Holdings LLC, Term Loan""]",1,2025-03-04 17:14:00.0,"TriplePoint Acquisition Holdings LLC, Term Loan",term_loan,unknown,UNKNOWN,UNKNOWN,0.055,2029-05-31,funded,2024-05-31,"[""TriplePoint Acquisition Holdings LLC, Term Loan""]",1,2024-11-07 17:30:00.0,TriplePoint Acquisition Holdings LLC First Lien Secured Term Loan,term_loan,first_lien,UNKNOWN,SOFR,0.055,2029-05-31,funded,2024-06-14,"[""TriplePoint Acquisition Holdings LLC First Lien Secured Term Loan""]",1,2024-11-07 07:31:00.0,EVID_44581260485ae7737b402eda7983,EVID_2dabc158bb1ff5a9b47933cc5174,EVID_abcab5920bc3cf25c1f39885c556,2025-03-04T17:14:00Z,2025-03-07T12:30:23.000Z,2.803044,EVID_35abc2a837e1543708af2576b982,The source facility mark-public timestamp was verified in the locked outcome-blind feasibility inputs.,EVID_670b5a2a6977cd381c9892c3a16e,The target cutoff is the earliest verified public results/NAV disclosure in the locked outcome-blind feasibility inputs.,yes,yes,yes,yes,yes,"Independent reviewer agreement. Reviewer X: Source prior and current are the identical term loan, spread 0.055, maturity 2029-05-31. Target prior is a first-lien secured term loan for the same borrower with matching spread and matching maturity 2029-05-31; unknown source lien and rate are absent evidence. Single lots. | Reviewer Y: Source-prior and source-current identifiers match; term_loan/unknown/funded/spread 0.055/maturity 2029-05-31 is consistent through time. Target-prior 'TriplePoint Acquisition Holdings LLC First Lien Secured Term Loan' is compatible with the source-current term_loan/unknown/funded/spread 0.055/maturity 2029-05-31; missing fields are not treated as agreement or conflict. Each side reports one constituent lot."
D5EV_0b9ed1b3b2fa2a359dc54177,D5EC_e997e27eca29c000298f067d,2025-03-31,2025Q1,asurion,CIK1661306,OTF,OFS Capital Management,Blue Owl Credit,cross_manager,"Asurion, LLC., Second Lien Debt",other_debt,second_lien,UNKNOWN,UNKNOWN,0.0525,,funded,,"[""Asurion, LLC., Second Lien Debt""]",1,2025-05-09 10:33:00.0,"Asurion, LLC , Second Lien Debt",other_debt,second_lien,UNKNOWN,UNKNOWN,0.0525,,funded,,"[""Asurion, LLC , Second Lien Debt""]",1,2025-03-14 09:37:00.0,"Asurion, LLC, Second lien senior secured loan",other_debt,second_lien,UNKNOWN,UNKNOWN,0.0525,,funded,,"[""Asurion, LLC, Second lien senior secured loan""]",1,2025-03-06 17:10:00.0,EVID_1e117bbd9dddc879d56d0c2d197d,EVID_22d71696b1394ef0642243f4ab4e,EVID_8fc46debeeec8c603239105807f7,2025-05-09T10:33:00Z,2025-05-12T21:30:21.000Z,3.456493,EVID_30f3ebb3b52654d9ed9ba075c5ca,The source facility mark-public timestamp was verified in the locked outcome-blind feasibility inputs.,EVID_97e5b99c863b32c033727d28bff7,The target cutoff is the earliest verified public results/NAV disclosure in the locked outcome-blind feasibility inputs.,yes,yes,yes,yes,yes,"Independent reviewer agreement. Reviewer X: Source prior and current differ only in entity punctuation; both second-lien funded at spread 0.0525. Target prior is the same borrower second-lien funded senior secured loan at spread 0.0525. Single lots. | Reviewer Y: Source-prior and source-current identifiers use compatible wording; other_debt/second_lien/funded/spread 0.0525 is consistent through time. Target-prior 'Asurion, LLC, Second lien senior secured loan' is compatible with the source-current other_debt/second_lien/funded/spread 0.0525; missing fields are not treated as agreement or conflict. Each side reports one constituent lot."
D5EV_6a4eed319e9f8fe7f99747fa,D5EC_f91d1d5046f1b999a4a753fd,2025-03-31,2025Q1,idera,OFS,MSDL,OFS Capital Management,Morgan Stanley Investment Management,cross_manager,"Idera Inc., Second Lien Debt",other_debt,second_lien,UNKNOWN,UNKNOWN,0.0675,,funded,,"[""Idera Inc., Second Lien Debt""]",1,2025-05-01 17:37:00.0,"Idera Inc., Second Lien Debt",other_debt,second_lien,UNKNOWN,UNKNOWN,0.0675,,funded,,"[""Idera Inc., Second Lien Debt""]",1,2025-03-04 07:58:00.0,"Idera, Inc., Second Lien Debt",other_debt,second_lien,UNKNOWN,UNKNOWN,0.0675,,funded,,"[""Idera, Inc., Second Lien Debt""]",1,2025-02-27 16:08:00.0,EVID_55927b46aef259a30c1f2698ad67,EVID_ec5f0d025167c0abb8ea1e88de0e,EVID_8d20d1513b969ff71b8858c56fa3,2025-05-01T17:37:00Z,2025-05-08T20:11:59.000Z,7.107627,EVID_0dc46a1980a47d88d7db568853ad,The source facility mark-public timestamp was verified in the locked outcome-blind feasibility inputs.,EVID_95ece48cd5509b627f4f8c751585,The target cutoff is the earliest verified public results/NAV disclosure in the locked outcome-blind feasibility inputs.,yes,yes,yes,yes,yes,"Independent reviewer agreement. Reviewer X: Source prior and current are the identical second-lien funded debt at spread 0.0675. Target prior is the same borrower second-lien funded debt at spread 0.0675, differing only in entity punctuation. Single lots. | Reviewer Y: Source-prior and source-current identifiers match; other_debt/second_lien/funded/spread 0.0675 is consistent through time. Target-prior 'Idera, Inc., Second Lien Debt' is compatible with the source-current other_debt/second_lien/funded/spread 0.0675; missing fields are not treated as agreement or conflict. Each side reports one constituent lot."
D5EV_07f53562e71f2c262ca39721,D5EC_4f5cc89eaa5d909a9ce3fddd,2025-03-31,2025Q1,investments,PSBD,TCPC,Palmer Square Capital Management,BlackRock,cross_manager,Debt Investments Second Lien Senior Secured,other_debt,second_lien,UNKNOWN,UNKNOWN,,,funded,,"[""Debt Investments Second Lien Senior Secured""]",1,2025-05-07 07:01:00.0,Debt Investments Second Lien Senior Secured,other_debt,second_lien,UNKNOWN,UNKNOWN,,,funded,,"[""Debt Investments Second Lien Senior Secured""]",1,2025-02-27 07:01:00.0,Debt Investments,other_debt,unknown,UNKNOWN,UNKNOWN,,,funded,,"[""Debt Investments""]",1,2025-02-27 08:18:00.0,EVID_b5f56f88e72724b9895365221de6,EVID_eb7ec126a0e78c8a4f6c00bd6201,EVID_e63cdf7d8b0cacb6b9d92aa311bc,2025-05-07T07:01:00Z,2025-05-08T12:10:08.000Z,1.214676,EVID_9ad1350bf42f67190a3114f25f68,The source facility mark-public timestamp was verified in the locked outcome-blind feasibility inputs.,EVID_6ced8f1961952d40b63952cdbebb,The target cutoff is the earliest verified public results/NAV disclosure in the locked outcome-blind feasibility inputs.,uncertain,uncertain,uncertain,uncertain,uncertain,"Source-prior and source-current both read 'Debt Investments Second Lien Senior Secured' (other_debt, second_lien, funded, no spread, no maturity, lot count 1); this is a class-level heading rather than an exact facility label, so temporal identity cannot be decided: uncertain. Target-prior 'Debt Investments' carries lien unknown, and UNKNOWN is missing evidence that can support neither equality nor conflict, so the second_lien / unknown pairing is not a demonstrated lien conflict; with two class-level headings and no facility-level terms, cross-lender identity is uncertain rather than no. Both aggregation checks are uncertain: the single generic constituent description on each side neither establishes coherence nor demonstrates that structurally distinct facilities, liens or tranches were combined."
D5EV_0c52b634a145a52d3e9d6a2d,D5EC_fc24da716cf2426943bc3444,2025-03-31,2025Q1,jp intermediate b,OFS,CION,OFS Capital Management,CION Investment Management,cross_manager,"JP Intermediate B, LLC, First Lien Debt",other_debt,first_lien,UNKNOWN,UNKNOWN,0.065,,funded,,"[""JP Intermediate B, LLC, First Lien Debt""]",1,2025-05-01 17:37:00.0,"JP Intermediate B, LLC, First Lien Debt",other_debt,first_lien,UNKNOWN,UNKNOWN,0.065,,funded,,"[""JP Intermediate B, LLC, First Lien Debt""]",1,2025-03-04 07:58:00.0,"JP Intermediate B, LLC., Senior Secured First Lien Debt, 11/20/2027 Maturity",other_debt,first_lien,UNKNOWN,UNKNOWN,0.065,,funded,,"[""JP Intermediate B, LLC., Senior Secured First Lien Debt, 11/20/2027 Maturity""]",1,2025-03-12 21:05:00.0,EVID_3faef1a7096e13389cae2cf5cdb8,EVID_660303d95ab32764361aacfa93c7,EVID_937ff8af0bfcfc56dad18068679e,2025-05-01T17:37:00Z,2025-05-08T12:30:36.000Z,6.787222,EVID_6f902e77050f7af3ad46b96876ce,The source facility mark-public timestamp was verified in the locked outcome-blind feasibility inputs.,EVID_2be7de0b664a0b9b1f7b09491771,The target cutoff is the earliest verified public results/NAV disclosure in the locked outcome-blind feasibility inputs.,yes,yes,yes,yes,yes,"Independent reviewer agreement. Reviewer X: Source prior and current are identical first-lien funded lines at spread 0.065. Target prior is the same borrower first-lien funded debt at spread 0.065 with an added maturity descriptor. Single lots. | Reviewer Y: Source-prior and source-current identifiers match; other_debt/first_lien/funded/spread 0.065 is consistent through time. Target-prior 'JP Intermediate B, LLC., Senior Secured First Lien Debt, 11/20/2027 Maturity' is compatible with the source-current other_debt/first_lien/funded/spread 0.065; missing fields are not treated as agreement or conflict. Each side reports one constituent lot."
D5EV_31b1d7de3c01a293b4a24e0c,D5EC_31431d4a01059178e2751dae,2025-03-31,2025Q1,perkinelmer u s,CIK1869453,MSDL,Blue Owl Credit,Morgan Stanley Investment Management,cross_manager,"PerkinElmer U.S. LLC, First lien senior secured loan",other_debt,first_lien,UNKNOWN,UNKNOWN,0.05,,funded,,"[""PerkinElmer U.S. LLC, First lien senior secured loan""]",1,2025-05-08 16:08:00.0,"PerkinElmer U.S. LLC, First lien senior secured loan",other_debt,first_lien,UNKNOWN,UNKNOWN,0.05,,funded,,"[""PerkinElmer U.S. LLC, First lien senior secured loan""]",1,2025-03-05 16:33:00.0,"PerkinElmer U.S., LLC, First Lien Debt",other_debt,first_lien,UNKNOWN,UNKNOWN,0.05,,funded,,"[""PerkinElmer U.S., LLC, First Lien Debt""]",1,2025-02-27 16:08:00.0,EVID_834e7eb8e3263eef7aa4e498418f,EVID_eb995ba5f672a76968b92023c17f,EVID_f3b158c9bf8679aa9c0ad74f8df1,2025-05-08T16:08:00Z,2025-05-08T20:11:59.000Z,0.169433,EVID_ca5f2239db018ebbb7c632154c8e,The source facility mark-public timestamp was verified in the locked outcome-blind feasibility inputs.,EVID_e5348481a2002c4ba2f9665f6d7f,The target cutoff is the earliest verified public results/NAV disclosure in the locked outcome-blind feasibility inputs.,yes,yes,yes,yes,yes,"Independent reviewer agreement. Reviewer X: Source prior and current are the identical first-lien funded senior secured loan at spread 0.05. Target prior is the same borrower first-lien funded debt at spread 0.05, differing only in entity punctuation and lender wording. Single lots. | Reviewer Y: Source-prior and source-current identifiers match; other_debt/first_lien/funded/spread 0.05 is consistent through time. Target-prior 'PerkinElmer U.S., LLC, First Lien Debt' is compatible with the source-current other_debt/first_lien/funded/spread 0.05; missing fields are not treated as agreement or conflict. Each side reports one constituent lot."
D5EV_b1e33c72796a87433c6f92eb,D5EC_008f98e6b57f1ba835f0d6f2,2025-03-31,2025Q1,perkinelmer u s,OCIC,MSDL,Blue Owl Credit,Morgan Stanley Investment Management,cross_manager,"PerkinElmer U.S. LLC, First lien senior secured loan",other_debt,first_lien,UNKNOWN,UNKNOWN,0.05,,funded,,"[""PerkinElmer U.S. LLC, First lien senior secured loan""]",1,2025-05-08 16:58:00.0,"PerkinElmer U.S. LLC, First lien senior secured loan",other_debt,first_lien,UNKNOWN,UNKNOWN,0.05,,funded,,"[""PerkinElmer U.S. LLC, First lien senior secured loan""]",1,2025-03-04 17:29:00.0,"PerkinElmer U.S., LLC, First Lien Debt",other_debt,first_lien,UNKNOWN,UNKNOWN,0.05,,funded,,"[""PerkinElmer U.S., LLC, First Lien Debt""]",1,2025-02-27 16:08:00.0,EVID_92c39d5f282319cf4335c0eab821,EVID_e4fd295546934cfd2d1fd5b41991,EVID_f3b158c9bf8679aa9c0ad74f8df1,2025-05-08T16:58:00Z,2025-05-08T20:11:59.000Z,0.134711,EVID_8567dd95b46eb55112cb73ef0c19,The source facility mark-public timestamp was verified in the locked outcome-blind feasibility inputs.,EVID_94ada3c72483b8c386aae091607e,The target cutoff is the earliest verified public results/NAV disclosure in the locked outcome-blind feasibility inputs.,yes,yes,yes,yes,yes,"Independent reviewer agreement. Reviewer X: Source prior and current are the identical first-lien funded senior secured loan at spread 0.05; target prior is the same borrower first-lien funded debt at spread 0.05 with lender-specific wording. Single lots. | Reviewer Y: Source-prior and source-current identifiers match; other_debt/first_lien/funded/spread 0.05 is consistent through time. Target-prior 'PerkinElmer U.S., LLC, First Lien Debt' is compatible with the source-current other_debt/first_lien/funded/spread 0.05; missing fields are not treated as agreement or conflict. Each side reports one constituent lot."
D5EV_52d76106e233964c89f9b289,D5EC_8d23c51ec0de6a3b964f9b3e,2025-03-31,2025Q1,petvet care centers,NMFC,OTF,New Mountain Capital,Blue Owl Credit,cross_manager,"PetVet Care Centers, LLC, First lien",other_debt,first_lien,UNKNOWN,UNKNOWN,0.06,,funded,,"[""PetVet Care Centers, LLC, First lien""]",1,2025-05-05 16:21:00.0,"PetVet Care Centers, LLC, First lien",other_debt,first_lien,UNKNOWN,UNKNOWN,0.06,,funded,,"[""PetVet Care Centers, LLC, First lien""]",1,2025-02-26 16:42:00.0,"PetVet Care Centers, LLC, First lien senior secured loan",other_debt,first_lien,UNKNOWN,UNKNOWN,0.06,,funded,,"[""PetVet Care Centers, LLC, First lien senior secured loan""]",1,2025-03-06 17:10:00.0,EVID_a35091c4c6b4c119f461772c19cf,EVID_c4661f23489b1c258e3fa201873e,EVID_589b9c8736c081703fabcccad2f7,2025-05-05T16:21:00Z,2025-05-12T21:30:21.000Z,7.214826,EVID_5b03c3f4be748e544364490f4548,The source facility mark-public timestamp was verified in the locked outcome-blind feasibility inputs.,EVID_ebe7e09c11d9a6000603ea1a9ef7,The target cutoff is the earliest verified public results/NAV disclosure in the locked outcome-blind feasibility inputs.,yes,yes,yes,yes,yes,"Independent reviewer agreement. Reviewer X: Source prior and current are the identical first-lien funded line at spread 0.06; target prior describes the same first-lien funded position as a senior secured loan at spread 0.06. Single lots. | Reviewer Y: Source-prior and source-current identifiers match; other_debt/first_lien/funded/spread 0.06 is consistent through time. Target-prior 'PetVet Care Centers, LLC, First lien senior secured loan' is compatible with the source-current other_debt/first_lien/funded/spread 0.06; missing fields are not treated as agreement or conflict. Each side reports one constituent lot."
D5EV_b4a04858985c8819b11ec70c,D5EC_cf6af117b232c0cdac4b1d37,2025-03-31,2025Q1,total investments,PSBD,MSDL,Palmer Square Capital Management,Morgan Stanley Investment Management,cross_manager,Total Debt Investments,other_debt,unknown,UNKNOWN,UNKNOWN,,,funded,,"[""Total Debt Investments""]",1,2025-05-07 07:01:00.0,Total Debt Investments,other_debt,unknown,UNKNOWN,UNKNOWN,,,funded,,"[""Total Debt Investments""]",1,2025-02-27 07:01:00.0,"Total Debt Investments, First Lien Debt",other_debt,first_lien,UNKNOWN,UNKNOWN,,,funded,,"[""Total Debt Investments, First Lien Debt""]",1,2025-02-27 16:08:00.0,EVID_4274ec6f588d6099594792b868a6,EVID_0b8d74f0a787eb1f79bfad943b4a,EVID_2007dff90a2ac36bd16fa11ed520,2025-05-07T07:01:00Z,2025-05-08T20:11:59.000Z,1.549294,EVID_8e90ef3e4e11ce65df6a1dda8d52,The source facility mark-public timestamp was verified in the locked outcome-blind feasibility inputs.,EVID_162052ce6511310469d97977a964,The target cutoff is the earliest verified public results/NAV disclosure in the locked outcome-blind feasibility inputs.,uncertain,uncertain,no,no,no,"Source-prior and source-current both read 'Total Debt Investments' (other_debt, lien unknown, funded, no spread, no maturity) and target-prior reads 'Total Debt Investments, First Lien Debt' (first_lien). The explicit 'Total' wording identifies portfolio roll-up lines, which by construction span structurally distinct facilities, tranches and liens; a displayed lot count of 1 does not make such a total one economic facility, so source_aggregation_valid and target_prior_aggregation_valid are both no. The identity checks remain uncertain rather than no: neither side is an exact facility label, and the target's first_lien qualifier against an unknown source lien is missing evidence, not a proven conflict. include_for_replication is no mechanically because two checks are no."
D5EV_aebedff93315b84fc959cf91,D5EC_03d91dcc4a10080388206fcb,2025-06-30,2025Q2,allen media,OFS,CION,OFS Capital Management,CION Investment Management,cross_manager,"Allen Media, LLC, First Lien Debt",other_debt,first_lien,UNKNOWN,UNKNOWN,0.055,,funded,,"[""Allen Media, LLC, First Lien Debt""]",1,2025-07-31 17:34:00.0,"Allen Media, LLC, First Lien Debt",other_debt,first_lien,UNKNOWN,UNKNOWN,0.055,,funded,,"[""Allen Media, LLC, First Lien Debt""]",1,2025-05-01 17:37:00.0,"Allen Media, LLC, Senior Secured First Lien Debt, 2/10/2027 Maturity",other_debt,first_lien,UNKNOWN,UNKNOWN,0.055,,funded,,"[""Allen Media, LLC, Senior Secured First Lien Debt, 2/10/2027 Maturity""]",1,2025-05-07 19:36:00.0,EVID_a671b6dcb786e87381c794d1dffd,EVID_095c796ee9d42c3b7f5ff00433e7,EVID_e623c88b9241ac2d119fedd03d8f,2025-07-31T17:34:00Z,2025-08-07T12:30:53.000Z,6.789502,EVID_3dc135b3fc1c2aa2b8b1bd7cbf32,The source facility mark-public timestamp was verified in the locked outcome-blind feasibility inputs.,EVID_5c5e4d14944508e1ff0cccbb3495,The target cutoff is the earliest verified public results/NAV disclosure in the locked outcome-blind feasibility inputs.,yes,yes,yes,yes,yes,"Independent reviewer agreement. Reviewer X: Source prior and current are identical first-lien funded lines at spread 0.055; target prior is the same borrower first-lien funded debt at spread 0.055 with an added maturity descriptor. Single lots. | Reviewer Y: Source-prior and source-current identifiers match; other_debt/first_lien/funded/spread 0.055 is consistent through time. Target-prior 'Allen Media, LLC, Senior Secured First Lien Debt, 2/10/2027 Maturity' is compatible with the source-current other_debt/first_lien/funded/spread 0.055; missing fields are not treated as agreement or conflict. Each side reports one constituent lot."
D5EV_a795f9724c29c76da74028e9,D5EC_f5044dc2d12da60485eb5180,2025-06-30,2025Q2,asurion,NMFC,OTF,New Mountain Capital,Blue Owl Credit,cross_manager,"Asurion, LLC 3, First Lien - Funded | Asurion, LLC 3, First lien - Funded",other_debt,first_lien,UNKNOWN,UNKNOWN,0.0425,,funded,,"[""Asurion, LLC 3, First Lien - Funded"",""Asurion, LLC 3, First lien - Funded""]",2,2025-08-04 16:49:00.0,"Asurion, LLC, First lien - Funded",other_debt,first_lien,UNKNOWN,UNKNOWN,0.0425,,funded,,"[""Asurion, LLC, First lien - Funded""]",1,2025-05-05 16:21:00.0,"Asurion, LLC, First lien senior secured loan",other_debt,first_lien,UNKNOWN,UNKNOWN,0.0425,,funded,,"[""Asurion, LLC, First lien senior secured loan""]",1,2025-05-12 17:30:00.0,EVID_49cc67628100fc5b4b024c47969c,EVID_684a3575970fbccaeba28f8303d6,EVID_59a24cb109170b740c6392c167be,2025-08-04T16:49:00Z,2025-08-06T20:41:30.000Z,2.161458,EVID_12fe06be46fd76ec6809bad8e325,The source facility mark-public timestamp was verified in the locked outcome-blind feasibility inputs.,EVID_96eb17c7e9b9c4b631c7137d1b17,The target cutoff is the earliest verified public results/NAV disclosure in the locked outcome-blind feasibility inputs.,uncertain,uncertain,yes,yes,uncertain,"Source-current 'Asurion, LLC 3, First Lien - Funded' and, in a separate packet row, 'Asurion, LLC 2, First Lien - Funded' are two structurally distinct numbered source positions for the same borrower and period that are both compared against the same single unnumbered source-prior line 'Asurion, LLC, First lien - Funded' (lot count 1) and the same target-prior 'Asurion, LLC, First lien senior secured loan' (lot count 1). Two distinct numbered positions cannot both be the continuation of one prior line, and the displayed structure (other_debt, first_lien, funded, spread 0.0425 on all three sides, currency/rate/maturity UNKNOWN or blank) does not identify which, so temporal identity is uncertain and the same many-to-one asymmetry leaves cross-lender identity uncertain. The 2 source-current constituents are case-variant repeats of one funded first-lien description, so source aggregation is coherent (yes), and the 1-lot target-prior aggregate is likewise coherent (yes)."
D5EV_acf04b681c78da5fb50b8e31,D5EC_ef8caf244788c204fb641c76,2025-06-30,2025Q2,asurion,NMFC,OTF,New Mountain Capital,Blue Owl Credit,cross_manager,"Asurion, LLC 2, First Lien - Funded | Asurion, LLC 2, First lien - Funded",other_debt,first_lien,UNKNOWN,UNKNOWN,0.0425,,funded,,"[""Asurion, LLC 2, First Lien - Funded"",""Asurion, LLC 2, First lien - Funded""]",2,2025-08-04 16:49:00.0,"Asurion, LLC, First lien - Funded",other_debt,first_lien,UNKNOWN,UNKNOWN,0.0425,,funded,,"[""Asurion, LLC, First lien - Funded""]",1,2025-05-05 16:21:00.0,"Asurion, LLC, First lien senior secured loan",other_debt,first_lien,UNKNOWN,UNKNOWN,0.0425,,funded,,"[""Asurion, LLC, First lien senior secured loan""]",1,2025-05-12 17:30:00.0,EVID_5416624b96a46ea2d7cf1efd95f8,EVID_684a3575970fbccaeba28f8303d6,EVID_59a24cb109170b740c6392c167be,2025-08-04T16:49:00Z,2025-08-06T20:41:30.000Z,2.161458,EVID_87066196c3beb4dd81ba25b978eb,The source facility mark-public timestamp was verified in the locked outcome-blind feasibility inputs.,EVID_8c87327dc3989d00b5d732934154,The target cutoff is the earliest verified public results/NAV disclosure in the locked outcome-blind feasibility inputs.,uncertain,uncertain,yes,yes,uncertain,"Source-current 'Asurion, LLC 2, First Lien - Funded' and, in a separate packet row, 'Asurion, LLC 3, First Lien - Funded' are two structurally distinct numbered source positions for the same borrower and period that are both compared against the same single unnumbered source-prior line 'Asurion, LLC, First lien - Funded' (lot count 1) and the same target-prior 'Asurion, LLC, First lien senior secured loan' (lot count 1). Only one numbered position can continue that single prior line, and the displayed structure (other_debt, first_lien, funded, spread 0.0425 throughout, currency/rate/maturity UNKNOWN or blank) does not resolve which, so temporal identity is uncertain and cross-lender identity is uncertain for the same reason; the numeric suffix alone proves neither sameness nor difference. The 2 source-current constituents are case-variant repeats of one funded first-lien description, so source aggregation is coherent (yes), as is the 1-lot target-prior aggregate (yes)."
D5EV_56eb0926deb6208c9d3be8f5,D5EC_6b4dab625959afc45e6a930f,2025-06-30,2025Q2,athenahealth,NMFC,OTF,New Mountain Capital,Blue Owl Credit,cross_manager,"athenahealth Group Inc., First Lien - Funded | athenahealth Group Inc., First lien - Funded",other_debt,first_lien,UNKNOWN,UNKNOWN,0.0275,,funded,,"[""athenahealth Group Inc., First Lien - Funded"",""athenahealth Group Inc., First lien - Funded""]",2,2025-08-04 16:49:00.0,"athenahealth Group Inc., First lien - Funded",other_debt,first_lien,UNKNOWN,UNKNOWN,0.03,,funded,,"[""athenahealth Group Inc., First lien - Funded""]",1,2025-05-05 16:21:00.0,"Athenahealth Group Inc., First lien senior secured loan",other_debt,first_lien,UNKNOWN,UNKNOWN,0.03,,funded,,"[""Athenahealth Group Inc., First lien senior secured loan""]",1,2025-05-12 17:30:00.0,EVID_cafb6f0e808395f335935d23d2a9,EVID_ed396fae4bddf6204b1067187158,EVID_17f7edb054e1b916af0e256022c0,2025-08-04T16:49:00Z,2025-08-06T20:41:30.000Z,2.161458,EVID_ecc110355c8815781a8c34c3e029,The source facility mark-public timestamp was verified in the locked outcome-blind feasibility inputs.,EVID_719327488e491d498f1e923eb2f1,The target cutoff is the earliest verified public results/NAV disclosure in the locked outcome-blind feasibility inputs.,yes,yes,yes,yes,yes,"Independent reviewer agreement. Reviewer X: Source prior and current are the same first-lien funded position; the spread moves from 0.03 to 0.0275 with borrower, lien, funded status and type unchanged, consistent with a repricing rather than a new facility. Target prior is the same first-lien funded loan at 0.03, matching the source prior level, with only lender wording and capitalisation differing. The two source-current constituents are case variants of one description, so all aggregates are coherent. | Reviewer Y: Source-prior and source-current descriptions remain the same funded first-lien instrument; spread changes from 0.03 to 0.0275, which alone does not create a new facility. Target-prior has compatible first-lien wording and spread 0.03. The two source-current descriptions are case variants; prior and target each report one lot."
D5EV_4cc14157b528999eaa6b757e,D5EC_d3e0e97653f9760afcd4535b,2025-06-30,2025Q2,connectwise,NMFC,OTF,New Mountain Capital,Blue Owl Credit,cross_manager,"ConnectWise, LLC, First lien - Funded",other_debt,first_lien,UNKNOWN,UNKNOWN,0.035,,funded,,"[""ConnectWise, LLC, First lien - Funded""]",1,2025-08-04 16:49:00.0,"ConnectWise, LLC, First lien - Funded",other_debt,first_lien,UNKNOWN,UNKNOWN,0.035,,funded,,"[""ConnectWise, LLC, First lien - Funded""]",1,2025-05-05 16:21:00.0,"ConnectWise, LLC, First lien senior secured loan",other_debt,first_lien,UNKNOWN,UNKNOWN,0.035,,funded,,"[""ConnectWise, LLC, First lien senior secured loan""]",1,2025-05-12 17:30:00.0,EVID_baad33060c26aae0e56f9a237ec5,EVID_cfe2fbc4a64c64dd9a328e6a4a45,EVID_2887805eeceef56a5e85a0b49097,2025-08-04T16:49:00Z,2025-08-06T20:41:30.000Z,2.161458,EVID_c537a4bad873d908bdb8523fe455,The source facility mark-public timestamp was verified in the locked outcome-blind feasibility inputs.,EVID_566891baee675427fbaf390d6b60,The target cutoff is the earliest verified public results/NAV disclosure in the locked outcome-blind feasibility inputs.,yes,yes,yes,yes,yes,"Independent reviewer agreement. Reviewer X: Source prior and current are the identical first-lien funded line at spread 0.035; target prior is the same first-lien funded position described as a senior secured loan at spread 0.035. Single lots. | Reviewer Y: Source-prior and source-current identifiers match; other_debt/first_lien/funded/spread 0.035 is consistent through time. Target-prior 'ConnectWise, LLC, First lien senior secured loan' is compatible with the source-current other_debt/first_lien/funded/spread 0.035; missing fields are not treated as agreement or conflict. Each side reports one constituent lot."
D5EV_dc436360ecc599e08c348c0e,D5EC_065bc29e31be5b5c0cd4e675,2025-06-30,2025Q2,jp intermediate b,OFS,CION,OFS Capital Management,CION Investment Management,cross_manager,"JP Intermediate B, LLC, First Lien Debt",other_debt,first_lien,UNKNOWN,UNKNOWN,0.065,,funded,,"[""JP Intermediate B, LLC, First Lien Debt""]",1,2025-07-31 17:34:00.0,"JP Intermediate B, LLC, First Lien Debt",other_debt,first_lien,UNKNOWN,UNKNOWN,0.065,,funded,,"[""JP Intermediate B, LLC, First Lien Debt""]",1,2025-05-01 17:37:00.0,"JP Intermediate B, LLC., Senior Secured First Lien Debt, 11/20/2027 Maturity",other_debt,first_lien,UNKNOWN,UNKNOWN,0.065,,funded,,"[""JP Intermediate B, LLC., Senior Secured First Lien Debt, 11/20/2027 Maturity""]",1,2025-05-07 19:36:00.0,EVID_ef7ca6e5ac1060708a94900fb6b7,EVID_9774dc11f44d4b2fd8653c5ae590,EVID_bc75be9a56a8d4dd825c950565a5,2025-07-31T17:34:00Z,2025-08-07T12:30:53.000Z,6.789502,EVID_6b164d313fb0297c52c3721d1f80,The source facility mark-public timestamp was verified in the locked outcome-blind feasibility inputs.,EVID_0aab267f507db661ac9fd3a6480d,The target cutoff is the earliest verified public results/NAV disclosure in the locked outcome-blind feasibility inputs.,yes,yes,yes,yes,yes,"Independent reviewer agreement. Reviewer X: Source prior and current are identical first-lien funded lines at spread 0.065; target prior is the same borrower first-lien funded debt at spread 0.065 with an added maturity descriptor. Single lots. | Reviewer Y: Source-prior and source-current identifiers match; other_debt/first_lien/funded/spread 0.065 is consistent through time. Target-prior 'JP Intermediate B, LLC., Senior Secured First Lien Debt, 11/20/2027 Maturity' is compatible with the source-current other_debt/first_lien/funded/spread 0.065; missing fields are not treated as agreement or conflict. Each side reports one constituent lot."
D5EV_01b58c3f356725d63b6e1f86,D5EC_f7868be530205330ab464457,2025-06-30,2025Q2,kaseya,NMFC,OTF,New Mountain Capital,Blue Owl Credit,cross_manager,"Kaseya Inc., First Lien - Funded | Kaseya Inc., First lien - Funded",other_debt,first_lien,UNKNOWN,UNKNOWN,0.0325,,funded,,"[""Kaseya Inc., First Lien - Funded"",""Kaseya Inc., First lien - Funded""]",2,2025-08-04 16:49:00.0,"Kaseya Inc., First lien - Funded",other_debt,first_lien,UNKNOWN,UNKNOWN,0.0325,,funded,,"[""Kaseya Inc., First lien - Funded""]",1,2025-05-05 16:21:00.0,"Kaseya Inc., First lien senior secured loan",other_debt,first_lien,UNKNOWN,UNKNOWN,0.0325,,funded,,"[""Kaseya Inc., First lien senior secured loan""]",1,2025-05-12 17:30:00.0,EVID_4dcdfb380df3e0584eeafd524058,EVID_b28412ae1d21e749e2f25df0ab92,EVID_c6d5015155a9277abc8dac0ca3a8,2025-08-04T16:49:00Z,2025-08-06T20:41:30.000Z,2.161458,EVID_5daeed35aa960d4cd2dc8956ae37,The source facility mark-public timestamp was verified in the locked outcome-blind feasibility inputs.,EVID_46251407d1fe2a59ed5ee0338dd3,The target cutoff is the earliest verified public results/NAV disclosure in the locked outcome-blind feasibility inputs.,yes,yes,yes,yes,yes,"Independent reviewer agreement. Reviewer X: Source prior and current describe the same first-lien funded position at spread 0.0325 with no structural change. Target prior is the same first-lien funded loan at spread 0.0325 in lender-specific wording. The two source-current constituents are case variants of one description, so each aggregate is a coherent single facility. | Reviewer Y: Source-prior and source-current identifiers use compatible wording; other_debt/first_lien/funded/spread 0.0325 is consistent through time. Target-prior 'Kaseya Inc., First lien senior secured loan' is compatible with the source-current other_debt/first_lien/funded/spread 0.0325; missing fields are not treated as agreement or conflict. The two source-current constituent descriptions are case-variant repeats of the same funded first-lien instrument; source-prior and target-prior each have one lot."
D5EV_22b92172837e5c656ae8a4fc,D5EC_5b1c70198a9cf89b4e4c92d0,2025-06-30,2025Q2,logrhythm,NMFC,OTF,New Mountain Capital,Blue Owl Credit,cross_manager,"Logrhythm, Inc. First lien",other_debt,first_lien,UNKNOWN,UNKNOWN,0.075,,funded,,"[""Logrhythm, Inc. First lien""]",1,2025-08-04 16:49:00.0,"Logrhythm, Inc., First lien",other_debt,first_lien,UNKNOWN,UNKNOWN,0.075,,funded,,"[""Logrhythm, Inc., First lien""]",1,2025-05-05 16:21:00.0,"LogRhythm, Inc., First lien senior secured loan",other_debt,first_lien,UNKNOWN,UNKNOWN,0.075,,funded,,"[""LogRhythm, Inc., First lien senior secured loan""]",1,2025-05-12 17:30:00.0,EVID_203b8ca3340dabed88be4a574ede,EVID_a0dc02a994d1dfed3f2665ae499e,EVID_b6adaac1e9d428dc57b120c6bc40,2025-08-04T16:49:00Z,2025-08-06T20:41:30.000Z,2.161458,EVID_369d1be4055688477d739df992dc,The source facility mark-public timestamp was verified in the locked outcome-blind feasibility inputs.,EVID_fe0124dfb1e0d01e81529684af01,The target cutoff is the earliest verified public results/NAV disclosure in the locked outcome-blind feasibility inputs.,yes,yes,yes,yes,yes,"Independent reviewer agreement. Reviewer X: Source prior and current differ only by a comma; both first-lien funded at spread 0.075. Target prior is the same borrower first-lien funded senior secured loan at spread 0.075, differing only in capitalisation. Single lots. | Reviewer Y: Source-prior and source-current identifiers use compatible wording; other_debt/first_lien/funded/spread 0.075 is consistent through time. Target-prior 'LogRhythm, Inc., First lien senior secured loan' is compatible with the source-current other_debt/first_lien/funded/spread 0.075; missing fields are not treated as agreement or conflict. Each side reports one constituent lot."
D5EV_b851a769bc41a0c684807a5d,D5EC_bfbedd0a01f4a64e85fa30b8,2025-06-30,2025Q2,m2s intermediate,OCSL,WHF,Oaktree Capital Management,H.I.G. WhiteHorse,cross_manager,"M2S Group Intermediate Holdings Inc, First Lien Term Loan",term_loan,first_lien,UNKNOWN,UNKNOWN,0.0475,,funded,,"[""M2S Group Intermediate Holdings Inc, First Lien Term Loan""]",1,2025-08-04 17:51:00.0,"M2S Group Intermediate Holdings Inc, First Lien Term Loan",term_loan,first_lien,UNKNOWN,UNKNOWN,0.0475,,funded,,"[""M2S Group Intermediate Holdings Inc, First Lien Term Loan""]",1,2025-04-30 17:42:00.0,"M2S Group Intermediate Holdings, Inc. First Lien Secured Term Loan",term_loan,first_lien,UNKNOWN,SOFR,0.0475,2031-08-25,funded,2024-08-22,"[""M2S Group Intermediate Holdings, Inc. First Lien Secured Term Loan""]",1,2025-05-12 17:23:00.0,EVID_71d514ff387b8d59a15fbd56524d,EVID_3114f07d94e157f3417c8462d024,EVID_76b03ebd11f246ecda788728f86c,2025-08-04T17:51:00Z,2025-08-07T11:30:17.000Z,2.735613,EVID_898a90e26cae80eb874e929ef666,The source facility mark-public timestamp was verified in the locked outcome-blind feasibility inputs.,EVID_0c03873e39c525a31f9c0b7b19da,The target cutoff is the earliest verified public results/NAV disclosure in the locked outcome-blind feasibility inputs.,yes,yes,yes,yes,yes,"Independent reviewer agreement. Reviewer X: Source prior and current are the identical first-lien term loan at spread 0.0475; target prior is a first-lien secured term loan for the same borrower at spread 0.0475 with additional maturity and acquisition disclosure. Single lots. | Reviewer Y: Source-prior and source-current identifiers match; term_loan/first_lien/funded/spread 0.0475 is consistent through time. Target-prior 'M2S Group Intermediate Holdings, Inc. First Lien Secured Term Loan' is compatible with the source-current term_loan/first_lien/funded/spread 0.0475; missing fields are not treated as agreement or conflict. Each side reports one constituent lot."
D5EV_0a4ad52bbd0c50e6cfb05514,D5EC_c329836f58a0d68dc3e1aca0,2025-06-30,2025Q2,petvet care centers,ARCC,OTF,Ares Management,Blue Owl Credit,cross_manager,"PetVet Care Centers, LLC, First lien senior secured loan",other_debt,first_lien,UNKNOWN,UNKNOWN,0.06,,funded,,"[""PetVet Care Centers, LLC, First lien senior secured loan""]",1,2025-07-28 21:23:00.0,"PetVet Care Centers, LLC, First lien senior secured loan",other_debt,first_lien,UNKNOWN,UNKNOWN,0.06,,funded,,"[""PetVet Care Centers, LLC, First lien senior secured loan""]",1,2025-04-28 21:50:00.0,"PetVet Care Centers, LLC, First lien senior secured loan",other_debt,first_lien,UNKNOWN,UNKNOWN,0.06,,funded,,"[""PetVet Care Centers, LLC, First lien senior secured loan""]",1,2025-05-12 17:30:00.0,EVID_29784a92f8ee7655f87dc1f7f970,EVID_d57a204a38ccce5e2bb922183aba,EVID_b2277d98f91f449d95e3d88481e3,2025-07-28T21:23:00Z,2025-08-06T20:41:30.000Z,8.971181,EVID_63e51b2e5ee1edba3299ba19ff5e,The source facility mark-public timestamp was verified in the locked outcome-blind feasibility inputs.,EVID_100e70d734e24251e2db7dce3070,The target cutoff is the earliest verified public results/NAV disclosure in the locked outcome-blind feasibility inputs.,yes,yes,yes,yes,yes,"Independent reviewer agreement. Reviewer X: Identical first-lien funded senior secured loan on all three sides at spread 0.06, one lot each. | Reviewer Y: Source-prior and source-current identifiers match; other_debt/first_lien/funded/spread 0.06 is consistent through time. Target-prior 'PetVet Care Centers, LLC, First lien senior secured loan' is compatible with the source-current other_debt/first_lien/funded/spread 0.06; missing fields are not treated as agreement or conflict. Each side reports one constituent lot."
D5EV_afb2092fc81ff6e4bc35d01a,D5EC_b29928f64e1072a69d247d21,2025-06-30,2025Q2,petvet care centers,NMFC,OTF,New Mountain Capital,Blue Owl Credit,cross_manager,"PetVet Care Centers, LLC, First lien",other_debt,first_lien,UNKNOWN,UNKNOWN,0.06,,funded,,"[""PetVet Care Centers, LLC, First lien""]",1,2025-08-04 16:49:00.0,"PetVet Care Centers, LLC, First lien",other_debt,first_lien,UNKNOWN,UNKNOWN,0.06,,funded,,"[""PetVet Care Centers, LLC, First lien""]",1,2025-05-05 16:21:00.0,"PetVet Care Centers, LLC, First lien senior secured loan",other_debt,first_lien,UNKNOWN,UNKNOWN,0.06,,funded,,"[""PetVet Care Centers, LLC, First lien senior secured loan""]",1,2025-05-12 17:30:00.0,EVID_0102beac28ec2a1dcb52b535c164,EVID_d705b153cf790f462f434a1a5b89,EVID_b2277d98f91f449d95e3d88481e3,2025-08-04T16:49:00Z,2025-08-06T20:41:30.000Z,2.161458,EVID_ec024b7eac866dfdbdaf5520517f,The source facility mark-public timestamp was verified in the locked outcome-blind feasibility inputs.,EVID_578b9cc81fd525286b3bb515cd5d,The target cutoff is the earliest verified public results/NAV disclosure in the locked outcome-blind feasibility inputs.,yes,yes,yes,yes,yes,"Independent reviewer agreement. Reviewer X: Source prior and current are the identical first-lien funded line at spread 0.06; target prior describes the same first-lien funded position as a senior secured loan at spread 0.06. Single lots. | Reviewer Y: Source-prior and source-current identifiers match; other_debt/first_lien/funded/spread 0.06 is consistent through time. Target-prior 'PetVet Care Centers, LLC, First lien senior secured loan' is compatible with the source-current other_debt/first_lien/funded/spread 0.06; missing fields are not treated as agreement or conflict. Each side reports one constituent lot."
D5EV_9d95c851974603588ee9e63d,D5EC_5aab67edbb59c4864075f5ca,2025-06-30,2025Q2,storable,NMFC,OTF,New Mountain Capital,Blue Owl Credit,cross_manager,"Storable, Inc., First Lien - Funded | Storable, Inc., First lien - Funded",other_debt,first_lien,UNKNOWN,UNKNOWN,0.0325,,funded,,"[""Storable, Inc., First Lien - Funded"",""Storable, Inc., First lien - Funded""]",2,2025-08-04 16:49:00.0,"Storable, Inc., First lien - Funded",other_debt,first_lien,UNKNOWN,UNKNOWN,0.0325,,funded,,"[""Storable, Inc., First lien - Funded""]",1,2025-05-05 16:21:00.0,"Storable, Inc., First lien senior secured loan",other_debt,first_lien,UNKNOWN,UNKNOWN,0.0325,,funded,,"[""Storable, Inc., First lien senior secured loan""]",1,2025-05-12 17:30:00.0,EVID_495d478bf0c72a37491a0bb00e3d,EVID_c44314c9b4f574aa6fd7be2a8601,EVID_27eb06b33cb1041e69ffc36a8255,2025-08-04T16:49:00Z,2025-08-06T20:41:30.000Z,2.161458,EVID_776830c0071b1a5920119f8b5e6e,The source facility mark-public timestamp was verified in the locked outcome-blind feasibility inputs.,EVID_3d1a2b31a4f3db4dccf374a9a4d4,The target cutoff is the earliest verified public results/NAV disclosure in the locked outcome-blind feasibility inputs.,yes,yes,yes,yes,yes,"Independent reviewer agreement. Reviewer X: Source prior and current describe the same first-lien funded position at spread 0.0325. Target prior is the same first-lien funded loan at spread 0.0325 in lender wording. The two source-current constituents are case variants of one description, so each aggregate coherently represents one facility. | Reviewer Y: Source-prior and source-current identifiers use compatible wording; other_debt/first_lien/funded/spread 0.0325 is consistent through time. Target-prior 'Storable, Inc., First lien senior secured loan' is compatible with the source-current other_debt/first_lien/funded/spread 0.0325; missing fields are not treated as agreement or conflict. The two source-current constituent descriptions are case-variant repeats of the same funded first-lien instrument; source-prior and target-prior each have one lot."
D5EV_ee0d1f55a8626ec9e07a6819,D5EC_0d55e9d3a6a3517b978ce949,2026-03-31,2026Q1,m2s intermediate,OCSL,WHF,Oaktree Capital Management,H.I.G. WhiteHorse,cross_manager,"M2S Group Intermediate Holdings Inc, First Lien Term Loan",term_loan,first_lien,UNKNOWN,UNKNOWN,0.0475,,funded,,"[""M2S Group Intermediate Holdings Inc, First Lien Term Loan""]",1,2026-05-04 18:21:00.0,"M2S Group Intermediate Holdings Inc, First Lien Term Loan",term_loan,first_lien,UNKNOWN,UNKNOWN,0.0475,,funded,,"[""M2S Group Intermediate Holdings Inc, First Lien Term Loan""]",1,2026-02-03 18:51:00.0,"M2S Group Intermediate Holdings, Inc. First Lien Secured Term Loan",term_loan,first_lien,UNKNOWN,SOFR,0.0475,2031-08-25,funded,2024-08-22,"[""M2S Group Intermediate Holdings, Inc. First Lien Secured Term Loan""]",1,2026-03-06 16:31:00.0,EVID_5d558eb73f21a4fd577ec705da7f,EVID_c2e3bf76ab7288a84948c649162c,EVID_ab23cc37e4a973adee16f36bb7e0,2026-05-04T18:21:00Z,2026-05-07T11:31:14.000Z,2.71544,EVID_bd5359c28ac7ef5f4cb88d610778,The source facility mark-public timestamp was verified in the locked outcome-blind feasibility inputs.,EVID_06affe8790e2288ed690f2e09eec,The target cutoff is the earliest verified public results/NAV disclosure in the locked outcome-blind feasibility inputs.,yes,yes,yes,yes,yes,"Independent reviewer agreement. Reviewer X: Source prior and current are the identical first-lien term loan at spread 0.0475; target prior is a first-lien secured term loan for the same borrower at spread 0.0475 with extra maturity and acquisition detail that does not conflict. Single lots. | Reviewer Y: Source-prior and source-current identifiers match; term_loan/first_lien/funded/spread 0.0475 is consistent through time. Target-prior 'M2S Group Intermediate Holdings, Inc. First Lien Secured Term Loan' is compatible with the source-current term_loan/first_lien/funded/spread 0.0475; missing fields are not treated as agreement or conflict. Each side reports one constituent lot."
D5EV_4bcc43807ee299de5de2ca0a,D5EC_bdf50a40b8d90ef96b681429,2026-03-31,2026Q1,real chemistry intermediate iii,NCDL,BBDC,Nuveen Churchill,Barings,cross_manager,"Real Chemistry Intermediate III, Inc. | Revolving Loan",revolver,unknown,UNKNOWN,UNKNOWN,0.045,,funded,,"[""Real Chemistry Intermediate III, Inc."",""Revolving Loan""]",1,2026-05-06 21:12:00.0,"Real Chemistry Intermediate III, Inc. | Revolving Loan",revolver,unknown,UNKNOWN,UNKNOWN,0.045,,funded,,"[""Real Chemistry Intermediate III, Inc."",""Revolving Loan""]",1,2026-02-25 21:57:00.0,"Real Chemistry Intermediate III, Inc. | Revolver",revolver,unknown,UNKNOWN,UNKNOWN,0.045,,funded,,"[""Real Chemistry Intermediate III, Inc."",""Revolver""]",1,2026-02-19 16:18:00.0,EVID_adbd0b85bc572d3ec51e3df8f87d,EVID_c4d1a6d145f5317c10d4144a95a5,EVID_475ef279cd5e050204907ab13b80,2026-05-06T21:12:00Z,2026-05-07T20:17:14.000Z,0.961968,EVID_2c1b2a45b5aeb422824d2d84364a,The source facility mark-public timestamp was verified in the locked outcome-blind feasibility inputs.,EVID_bce8717c5ffa00c8b81fb229c2c8,The target cutoff is the earliest verified public results/NAV disclosure in the locked outcome-blind feasibility inputs.,yes,yes,yes,yes,yes,"Independent reviewer agreement. Reviewer X: Source prior and current are the identical revolving loan at spread 0.045, both typed revolver. Target prior is described as 'Revolver' for the same borrower, also typed revolver at spread 0.045; the wording difference is lender-specific and the unknown lien on both sides is missing evidence, not conflict. Each side shows one lot whose constituents are the borrower name and the revolving facility description. | Reviewer Y: Source-prior and source-current identifiers match; revolver/unknown/funded/spread 0.045 is consistent through time. Target-prior 'Real Chemistry Intermediate III, Inc. | Revolver' is compatible with the source-current revolver/unknown/funded/spread 0.045; missing fields are not treated as agreement or conflict. Each side reports one lot; its constituent fragments jointly identify the entity and the revolving instrument."
D5EV_f438ca82f7a27e794a1837a9,D5EC_03ea18827a74bda0ec1f74a2,2026-03-31,2026Q1,swoop intermediate iii,NCDL,BBDC,Nuveen Churchill,Barings,cross_manager,"Swoop Intermediate III, Inc. | Revolving Loan",revolver,unknown,UNKNOWN,UNKNOWN,0.045,,funded,,"[""Revolving Loan"",""Swoop Intermediate III, Inc.""]",1,2026-05-06 21:12:00.0,"Swoop Intermediate III, Inc. | Revolving Loan",revolver,unknown,UNKNOWN,UNKNOWN,0.045,,funded,,"[""Revolving Loan"",""Swoop Intermediate III, Inc.""]",1,2026-02-25 21:57:00.0,"Swoop Intermediate III, Inc. | Revolver",revolver,unknown,UNKNOWN,UNKNOWN,0.045,,funded,,"[""Revolver"",""Swoop Intermediate III, Inc.""]",1,2026-02-19 16:18:00.0,EVID_7f61f6b7bf4ce80df2ddee72ffd4,EVID_9fa5ef8e15b64437f4628c67b748,EVID_b5c7fded2d8d0ccb40d413327b61,2026-05-06T21:12:00Z,2026-05-07T20:17:14.000Z,0.961968,EVID_3698cc54ba85b276a914f423d222,The source facility mark-public timestamp was verified in the locked outcome-blind feasibility inputs.,EVID_16e0448d18296916fc5b8e4792b7,The target cutoff is the earliest verified public results/NAV disclosure in the locked outcome-blind feasibility inputs.,yes,yes,yes,yes,yes,"Independent reviewer agreement. Reviewer X: Source prior and current are the identical revolving loan at spread 0.045, both typed revolver. Target prior is described as 'Revolver' for the same borrower, also typed revolver at spread 0.045, with lien unknown on both sides as missing evidence. Each side shows one lot whose constituents are the borrower name and the revolving facility description. | Reviewer Y: Source-prior and source-current identifiers match; revolver/unknown/funded/spread 0.045 is consistent through time. Target-prior 'Swoop Intermediate III, Inc. | Revolver' is compatible with the source-current revolver/unknown/funded/spread 0.045; missing fields are not treated as agreement or conflict. Each side reports one lot; its constituent fragments jointly identify the entity and the revolving instrument."
