pair_id,period_end,quarter,left_row_id,right_row_id,left_ticker,right_ticker,left_cik,right_cik,left_adsh,right_adsh,left_accepted,right_accepted,left_identifier,right_identifier,left_borrower_norm,right_borrower_norm,left_debt_equity,right_debt_equity,left_facility_type,right_facility_type,left_lien,right_lien,left_currency,right_currency,left_reference_rate,right_reference_rate,left_spread,right_spread,spread_diff,left_maturity,right_maturity,maturity_diff_days,left_funded_status,right_funded_status,left_acquisition_date,right_acquisition_date,borrower_exact,debt_equity_match,facility_type_match,lien_match,currency_match,reference_rate_match,spread_match_25bp,maturity_match_45d,funded_status_match,hard_conflicts,informative_matches,predicted_label,match_confidence,evidence,sample_seed,sample_locked,manual_label,label_notes,adjudicator
007495a606d54a3c9f6db219,2025-09-30,2025Q3,0b46efb37ca5667740cbf17f,a1c44676c1b6e33efa335f8a,ARCC,ASIF,1287750,1918712,0001287750-25-000046,0001918712-25-000092,2025-10-27 20:48:00.0,2025-11-14 16:22:00.0,"Lightbeam Bidco, Inc., First lien senior secured loan 2","Lightbeam Bidco, Inc., First lien senior secured loan",lightbeam bidco,lightbeam bidco,debt,debt,other_debt,other_debt,first_lien,first_lien,UNKNOWN,UNKNOWN,UNKNOWN,UNKNOWN,0.0500,0.0500,0.00000000,,,,funded,funded,,,True,True,True,True,,,True,,True,,5,same_facility,high,debt_equity_match|facility_type_match|lien_match|spread_match_25bp|funded_status_match,20260813,True,same_facility,manual confirmation after identifier/evidence review,Codex manual review 2026-08-13
02229e3ac3b0131ed88284fe,2025-06-30,2025Q2,bbada23083674702d4418a90,ddbbd6e7b078f0c6cb705555,NMFC,OBDC,1496099,1655888,0001496099-25-000027,0001655888-25-000020,2025-08-04 16:49:00.0,2025-08-06 16:06:00.0,"Coupa Holdings, LLC, First lien","Coupa Holdings, LLC, First lien senior secured loan",coupa,coupa,debt,debt,other_debt,other_debt,first_lien,first_lien,UNKNOWN,UNKNOWN,UNKNOWN,UNKNOWN,0.0525,0.0525,0.00000000,,,,funded,funded,,,True,True,True,True,,,True,,True,,5,same_facility,high,debt_equity_match|facility_type_match|lien_match|spread_match_25bp|funded_status_match,20260813,True,same_facility,manual confirmation after identifier/evidence review,Codex manual review 2026-08-13
026b75a6c6c37010629a652e,2025-09-30,2025Q3,6a012cc124ae31234347e24e,fdba8fc784ed8ca8bea655e2,HPS,BXSL,1838126,1736035,0001838126-25-000073,0001736035-25-000021,2025-11-14 13:58:00.0,2025-11-10 06:10:00.0,"Auditboard, Inc. 1","AuditBoard, Inc.",auditboard,auditboard,unknown,unknown,unknown,unknown,unknown,unknown,UNKNOWN,UNKNOWN,UNKNOWN,UNKNOWN,,0.0450,,,,,funded,funded,,,True,,,,,,,,True,,1,uncertain,low,funded_status_match,20260813,True,uncertain,manual confirmation after identifier/evidence review,Codex manual review 2026-08-13
03e683622513f34338d36ad7,2025-06-30,2025Q2,95ada162b34587035ff84f6e,a2ab35fe4587fc2deb8d931f,BXSL,HPS,1736035,1838126,0001736035-25-000018,0001838126-25-000055,2025-08-06 06:10:00.0,2025-08-13 17:03:00.0,"Elements Finco, Ltd. 1",Elements Finco Limited 5,elements finco,elements finco,unknown,unknown,unknown,unknown,unknown,unknown,UNKNOWN,UNKNOWN,UNKNOWN,UNKNOWN,0.0500,0.0525,0.00250000,,,,funded,funded,,,True,,,,,,True,,True,,2,uncertain,low,spread_match_25bp|funded_status_match,20260813,True,uncertain,manual confirmation after identifier/evidence review,Codex manual review 2026-08-13
05ffd0e863a0ae9f5917a6d7,2025-06-30,2025Q2,783cadded24ef9506dad0bf7,e03f6f0b492a95f317549d0b,OCIC,OBDC,1812554,1655888,0001812554-25-000052,0001655888-25-000020,2025-08-07 16:12:00.0,2025-08-06 16:06:00.0,"THG Acquisition, LLC (dba Hilb), First lien senior secured loan","THG Acquisition, LLC (dba Hilb), First lien senior secured revolving loan",thg acquisition dba hilb,thg acquisition dba hilb,debt,debt,other_debt,revolver,first_lien,first_lien,UNKNOWN,UNKNOWN,UNKNOWN,UNKNOWN,0.0450,0.0475,0.00250000,,,,funded,funded,,,True,True,False,True,,,False,,True,facility_type,3,same_borrower_different_facility,high,debt_equity_match|lien_match|funded_status_match|conflict:facility_type,20260813,True,same_borrower_different_facility,manual confirmation after identifier/evidence review,Codex manual review 2026-08-13
0669389e6df215ddbab9f921,2025-06-30,2025Q2,9500eabf0cb5cc72e1e9db27,9a1a405e32e0c9648d411f77,ARCC,ASIF,1287750,1918712,0001287750-25-000038,0001918712-25-000065,2025-07-28 21:23:00.0,2025-08-08 16:14:00.0,"Shermco Intermediate Holdings, Inc., First lien senior secured loan 4","Shermco Intermediate Holdings, Inc., First lien senior secured revolving loan",shermco intermediate,shermco intermediate,debt,debt,other_debt,revolver,first_lien,first_lien,UNKNOWN,UNKNOWN,UNKNOWN,UNKNOWN,0.0500,0.0500,0.00000000,,,,funded,funded,,,True,True,False,True,,,True,,True,facility_type,4,same_borrower_different_facility,high,debt_equity_match|lien_match|spread_match_25bp|funded_status_match|conflict:facility_type,20260813,True,same_borrower_different_facility,manual confirmation after identifier/evidence review,Codex manual review 2026-08-13
076a00384bfd365a282a0f17,2025-06-30,2025Q2,152ae7f9497ef299a8fe2007,2fcf6c9c988174fc85787962,BCRED,NMFC,1803498,1496099,0001803498-25-000062,0001496099-25-000027,2025-08-12 16:30:00.0,2025-08-04 16:49:00.0,"ACI Group Holdings, Inc. 2","ACI Group Holdings, Inc., First lien 2",aci,aci,unknown,debt,unknown,other_debt,unknown,first_lien,UNKNOWN,UNKNOWN,UNKNOWN,UNKNOWN,0.0600,0.0275,0.03250000,,,,funded,funded,,,True,,,,,,False,,True,spread_gt_100bp,1,unrelated,high,funded_status_match|conflict:spread_gt_100bp,20260813,True,same_borrower_different_facility,manual override after identifier/evidence review; insufficient exact-facility evidence,Codex manual review 2026-08-13
0b4849e310c3ebc5dfe69d5c,2025-06-30,2025Q2,01f8159d0cb40bd36cb43856,98f6fdba86dbaccb6efba287,OBDC,OCIC,1655888,1812554,0001655888-25-000020,0001812554-25-000052,2025-08-06 16:06:00.0,2025-08-07 16:12:00.0,"Indikami Bidco, LLC (dba IntegriChain), First lien senior secured revolving loan","Indikami Bidco, LLC (dba IntegriChain), First lien senior secured loan",indikami bidco dba integrichain,indikami bidco dba integrichain,debt,debt,revolver,other_debt,first_lien,first_lien,UNKNOWN,UNKNOWN,UNKNOWN,UNKNOWN,0.0600,0.0400,0.02000000,,,,funded,funded,,,True,True,False,True,,,False,,True,facility_type|spread_gt_100bp,3,same_borrower_different_facility,high,debt_equity_match|lien_match|funded_status_match|conflict:facility_type|conflict:spread_gt_100bp,20260813,True,same_borrower_different_facility,manual confirmation after identifier/evidence review,Codex manual review 2026-08-13
0b85dc8c91baad6c11b1718e,2025-09-30,2025Q3,c9ac10df32f1c0c89dc55610,f83acde0fc99670fbf681211,ASIF,ARCC,1918712,1287750,0001918712-25-000092,0001287750-25-000046,2025-11-14 16:22:00.0,2025-10-27 20:48:00.0,"Aldinger Company Inc, First lien senior secured loan","Aldinger Company Inc, First lien senior secured revolving loan",aldinger,aldinger,debt,debt,other_debt,revolver,first_lien,first_lien,UNKNOWN,UNKNOWN,UNKNOWN,UNKNOWN,0.0525,0.0525,0.00000000,,,,funded,funded,,,True,True,False,True,,,True,,True,facility_type,4,same_borrower_different_facility,high,debt_equity_match|lien_match|spread_match_25bp|funded_status_match|conflict:facility_type,20260813,True,same_borrower_different_facility,manual confirmation after identifier/evidence review,Codex manual review 2026-08-13
0be880c77aab079e3b4f0b4b,2025-09-30,2025Q3,00614f1212f23b07c3817e0d,8e3d4ef23257fbbf7d8c4f32,BXSL,BCRED,1736035,1803498,0001736035-25-000021,0001803498-25-000081,2025-11-10 06:10:00.0,2025-11-13 16:37:00.0,"Sam Holding Co, Inc. 2","Sam Holding Co, Inc. 3",sam,sam,unknown,unknown,unknown,unknown,unknown,unknown,UNKNOWN,UNKNOWN,UNKNOWN,UNKNOWN,0.0525,0.0550,0.00250000,,,,funded,funded,,,True,,,,,,False,,True,,1,unrelated,high,funded_status_match,20260813,True,uncertain,manual override after identifier/evidence review; insufficient exact-facility evidence,Codex manual review 2026-08-13
0cb9a811a6c9497bd0f86cf9,2025-09-30,2025Q3,067ee67fe5c0136972b1518f,71d477d9d01e75c73a28dd19,BXSL,BCRED,1736035,1803498,0001736035-25-000021,0001803498-25-000081,2025-11-10 06:10:00.0,2025-11-13 16:37:00.0,"Tennessee Bidco, Limited 1","Tennessee Bidco, Limited 2",tennessee bidco,tennessee bidco,unknown,unknown,unknown,unknown,unknown,unknown,UNKNOWN,UNKNOWN,UNKNOWN,UNKNOWN,0.0525,0.0525,0.00000000,,,,funded,funded,,,True,,,,,,True,,True,,2,uncertain,low,spread_match_25bp|funded_status_match,20260813,True,uncertain,manual confirmation after identifier/evidence review,Codex manual review 2026-08-13
0d82ce81c36e97f335317bcd,2025-06-30,2025Q2,8ad488eb96408a34d2cbce6c,b42ee1bcd820bcd2714562c2,ASIF,ARCC,1918712,1287750,0001918712-25-000065,0001287750-25-000038,2025-08-08 16:14:00.0,2025-07-28 21:23:00.0,"WCI-BXC Purchaser, LLC and WCI-BXC Investment Holdings, L.P., First lien senior secured loan","WCI-BXC Purchaser, LLC and WCI-BXC Investment Holdings, L.P., First lien senior secured loan",wci bxc purchaser and wci bxc investment,wci bxc purchaser and wci bxc investment,debt,debt,other_debt,other_debt,first_lien,first_lien,UNKNOWN,UNKNOWN,UNKNOWN,UNKNOWN,0.0625,0.0625,0.00000000,,,,funded,funded,,,True,True,True,True,,,True,,True,,5,same_facility,high,debt_equity_match|facility_type_match|lien_match|spread_match_25bp|funded_status_match,20260813,True,same_facility,manual confirmation after identifier/evidence review,Codex manual review 2026-08-13
0dea3f7f07778e0fb30a9ca1,2025-09-30,2025Q3,bb75786b8ed7656223a843e0,e2ff82b59e670754b5bb1d1d,ARCC,ASIF,1287750,1918712,0001287750-25-000046,0001918712-25-000092,2025-10-27 20:48:00.0,2025-11-14 16:22:00.0,Mai Capital Management Intermediate LLC,"Mai Capital Management Intermediate LLC, First lien senior secured loan",mai capital management intermediate,mai capital management intermediate,unknown,debt,unknown,other_debt,unknown,first_lien,UNKNOWN,UNKNOWN,UNKNOWN,UNKNOWN,,0.0475,,,,,funded,funded,,,True,,,,,,,,True,,1,uncertain,low,funded_status_match,20260813,True,uncertain,manual confirmation after identifier/evidence review,Codex manual review 2026-08-13
0df7e5400c2f11349eeba135,2025-09-30,2025Q3,2f235dbc84c06d43504405a4,c253ef6df9636a94f1d9d853,ARCC,ASIF,1287750,1918712,0001287750-25-000046,0001918712-25-000092,2025-10-27 20:48:00.0,2025-11-14 16:22:00.0,"Equinox Holdings, Inc., First lien senior secured loan","Equinox Holdings, Inc., First lien senior secured loan",equinox,equinox,debt,debt,other_debt,other_debt,first_lien,first_lien,UNKNOWN,UNKNOWN,UNKNOWN,UNKNOWN,0.0825,0.0825,0.00000000,,,,funded,funded,,,True,True,True,True,,,True,,True,,5,same_facility,high,debt_equity_match|facility_type_match|lien_match|spread_match_25bp|funded_status_match,20260813,True,same_facility,manual confirmation after identifier/evidence review,Codex manual review 2026-08-13
1026f919220ca1440ec8488a,2025-06-30,2025Q2,20ec7db00a7742a9ceee30c3,4a67225d4a12a40819a802db,ASIF,ARCC,1918712,1287750,0001918712-25-000065,0001287750-25-000038,2025-08-08 16:14:00.0,2025-07-28 21:23:00.0,"Cradle Lux Bidco S.A.R.L., First lien senior secured loan 2","Cradle Lux Bidco S.A.R.L., First lien senior secured loan 1",cradle lux bidco s a r l,cradle lux bidco s a r l,debt,debt,other_debt,other_debt,first_lien,first_lien,UNKNOWN,UNKNOWN,UNKNOWN,UNKNOWN,0.0550,0.0550,0.00000000,,,,funded,funded,,,True,True,True,True,,,True,,True,,5,same_facility,high,debt_equity_match|facility_type_match|lien_match|spread_match_25bp|funded_status_match,20260813,True,same_facility,manual confirmation after identifier/evidence review,Codex manual review 2026-08-13
10a38c4c4a70d8e8b7cd720d,2025-06-30,2025Q2,aff52af88f060171bf900f79,fc285c156c286d0b93deb529,BXSL,HPS,1736035,1838126,0001736035-25-000018,0001838126-25-000055,2025-08-06 06:10:00.0,2025-08-13 17:03:00.0,Cambrex Corp.,Cambrex Corporation 3,cambrex,cambrex,unknown,unknown,unknown,unknown,unknown,unknown,UNKNOWN,UNKNOWN,UNKNOWN,UNKNOWN,0.0475,0.0475,0.00000000,,,,funded,funded,,,True,,,,,,True,,True,,2,uncertain,low,spread_match_25bp|funded_status_match,20260813,True,uncertain,manual confirmation after identifier/evidence review,Codex manual review 2026-08-13
10b2a24b9e3d331252f60fed,2025-09-30,2025Q3,8066f050427da066b83bf5d3,f312113bc53716149b9b62a1,BXSL,NMFC,1736035,1496099,0001736035-25-000021,0001496099-25-000035,2025-11-10 06:10:00.0,2025-11-03 16:44:00.0,"CRCI Longhorn Holdings, Inc.","CRCI Longhorn Holdings, Inc.",crci longhorn,crci longhorn,unknown,debt,unknown,other_debt,unknown,unknown,UNKNOWN,UNKNOWN,UNKNOWN,UNKNOWN,0.0475,,,,,,funded,unfunded,,,True,,,,,,,,False,funded_status,0,same_borrower_different_facility,medium,conflict:funded_status,20260813,True,same_borrower_different_facility,manual confirmation after identifier/evidence review,Codex manual review 2026-08-13
12d40836561d72a28858cc0e,2025-06-30,2025Q2,88e8633a42fee21a18979165,ece2d021890567158bf2f1c9,NMFC,OCIC,1496099,1812554,0001496099-25-000027,0001812554-25-000052,2025-08-04 16:49:00.0,2025-08-07 16:12:00.0,"PPV Intermediate Holdings, LLC, First lien 2","PPV Intermediate Holdings, LLC, First lien senior secured delayed draw term loan",ppv intermediate,ppv intermediate,debt,debt,other_debt,delayed_draw,first_lien,first_lien,UNKNOWN,UNKNOWN,UNKNOWN,UNKNOWN,0.0575,0.0600,0.00250000,,,,funded,unknown,,,True,True,False,True,,,True,,,facility_type,3,same_borrower_different_facility,high,debt_equity_match|lien_match|spread_match_25bp|conflict:facility_type,20260813,True,same_borrower_different_facility,manual confirmation after identifier/evidence review,Codex manual review 2026-08-13
14174e0c34654a3dda6b9b6e,2025-06-30,2025Q2,35e74ca6da6618a63d178ad0,e91d377710b95bb26b85d675,ASIF,NMFC,1918712,1496099,0001918712-25-000065,0001496099-25-000027,2025-08-08 16:14:00.0,2025-08-04 16:49:00.0,"Quartz Holding Company, First lien senior secured loan","Quartz Holding Company, First Lien - Funded",quartz,quartz,debt,debt,other_debt,other_debt,first_lien,first_lien,UNKNOWN,UNKNOWN,UNKNOWN,UNKNOWN,0.0325,0.0325,0.00000000,,,,funded,funded,,,True,True,True,True,,,True,,True,,5,same_facility,high,debt_equity_match|facility_type_match|lien_match|spread_match_25bp|funded_status_match,20260813,True,same_facility,manual confirmation after identifier/evidence review,Codex manual review 2026-08-13
159f7e4847fd1c0aefc2c95d,2025-06-30,2025Q2,66aef97385681028d40ccfbe,c42f95774dd7a7c8fb18e50d,NMFC,OCIC,1496099,1812554,0001496099-25-000027,0001812554-25-000052,2025-08-04 16:49:00.0,2025-08-07 16:12:00.0,"Asurion, LLC 3, First lien - Funded","Asurion, LLC, Second lien senior secured loan 2",asurion,asurion,debt,debt,other_debt,other_debt,first_lien,second_lien,UNKNOWN,UNKNOWN,UNKNOWN,UNKNOWN,0.0425,0.0525,0.01000000,,,,funded,funded,,,True,True,True,False,,,False,,True,lien,3,same_borrower_different_facility,high,debt_equity_match|facility_type_match|funded_status_match|conflict:lien,20260813,True,same_borrower_different_facility,manual confirmation after identifier/evidence review,Codex manual review 2026-08-13
168b5b7e8c86051c79e1d03b,2025-06-30,2025Q2,14c3a10d28cef8d06aa1b37e,7650a58661e430831762358e,OBDC,OCIC,1655888,1812554,0001655888-25-000020,0001812554-25-000052,2025-08-06 16:06:00.0,2025-08-07 16:12:00.0,"Unified Women's Healthcare, LP, First lien senior secured delayed draw term loan","Unified Women's Healthcare, LP, First lien senior secured delayed draw term loan 2",unified women s healthcare,unified women s healthcare,debt,debt,delayed_draw,delayed_draw,first_lien,first_lien,UNKNOWN,UNKNOWN,UNKNOWN,UNKNOWN,0.0525,0.0500,0.00250000,,,,unknown,unknown,,,True,True,True,True,,,True,,,,4,same_facility,high,debt_equity_match|facility_type_match|lien_match|spread_match_25bp,20260813,True,same_facility,manual confirmation after identifier/evidence review,Codex manual review 2026-08-13
169498317d4591c7616173b2,2025-09-30,2025Q3,77a4160be52a21137c4f7437,88b27c2d60acb9d190a373c2,HPS,OBDC,1838126,1655888,0001838126-25-000073,0001655888-25-000024,2025-11-14 13:58:00.0,2025-11-05 16:36:00.0,"Baker Tilly Advisory Group, LP 2","Baker Tilly Advisory Group, LP, First lien senior secured loan",baker tilly advisory,baker tilly advisory,unknown,debt,unknown,other_debt,unknown,first_lien,UNKNOWN,UNKNOWN,UNKNOWN,UNKNOWN,0.0450,0.0475,0.00250000,,,,funded,funded,,,True,,,,,,False,,True,,1,uncertain,low,funded_status_match,20260813,True,uncertain,manual confirmation after identifier/evidence review,Codex manual review 2026-08-13
16ce5908920bca9b8afb840e,2025-09-30,2025Q3,492cda3d760c543ff2b451ec,644b29a5394beb9ad329734e,OCIC,ASIF,1812554,1918712,0001812554-25-000081,0001918712-25-000092,2025-11-06 16:05:00.0,2025-11-14 16:22:00.0,"Mitchell International, Inc., Second lien senior secured loan","Mitchell International, Inc., Second lien senior secured loan",mitchell international,mitchell international,debt,debt,other_debt,other_debt,second_lien,second_lien,UNKNOWN,UNKNOWN,UNKNOWN,UNKNOWN,0.0525,0.0525,0.00000000,,,,funded,funded,,,True,True,True,True,,,True,,True,,5,same_facility,high,debt_equity_match|facility_type_match|lien_match|spread_match_25bp|funded_status_match,20260813,True,same_facility,manual confirmation after identifier/evidence review,Codex manual review 2026-08-13
18eb7a7ac523a1c3e0ddb011,2025-09-30,2025Q3,b8ab8a0f8fee3670e91a8c91,c5ea21844cfdfdc02623214c,OCIC,OBDC,1812554,1655888,0001812554-25-000081,0001655888-25-000024,2025-11-06 16:05:00.0,2025-11-05 16:36:00.0,"Indikami Bidco, LLC (dba IntegriChain), First lien senior secured revolving loan","Indikami Bidco, LLC (dba IntegriChain), First lien senior secured delayed draw term loan",indikami bidco dba integrichain,indikami bidco dba integrichain,debt,debt,revolver,delayed_draw,first_lien,first_lien,UNKNOWN,UNKNOWN,UNKNOWN,UNKNOWN,0.0600,0.0600,0.00000000,,,,funded,unknown,,,True,True,False,True,,,True,,,facility_type,3,same_borrower_different_facility,high,debt_equity_match|lien_match|spread_match_25bp|conflict:facility_type,20260813,True,same_borrower_different_facility,manual confirmation after identifier/evidence review,Codex manual review 2026-08-13
193cbb0ed1640b12364734ed,2025-09-30,2025Q3,42a252f66daa8ed8d7770446,504171bb4eed07e173115c1e,OBDC,OCIC,1655888,1812554,0001655888-25-000024,0001812554-25-000081,2025-11-05 16:36:00.0,2025-11-06 16:05:00.0,"Pye-Barker Fire & Safety, LLC, First lien senior secured loan","Pye-Barker Fire & Safety, LLC, First lien senior secured loan",pye barker fire and safety,pye barker fire and safety,debt,debt,other_debt,other_debt,first_lien,first_lien,UNKNOWN,UNKNOWN,UNKNOWN,UNKNOWN,0.0450,0.0450,0.00000000,,,,funded,funded,,,True,True,True,True,,,True,,True,,5,same_facility,high,debt_equity_match|facility_type_match|lien_match|spread_match_25bp|funded_status_match,20260813,True,same_facility,manual confirmation after identifier/evidence review,Codex manual review 2026-08-13
1aa979d424d27884f44b0f54,2025-06-30,2025Q2,2cadb4dc3532ead615a4d3c7,970d0f9ff872b4636b14864c,OCIC,NMFC,1812554,1496099,0001812554-25-000052,0001496099-25-000027,2025-08-07 16:12:00.0,2025-08-04 16:49:00.0,"Fortis Solutions Group, LLC, First lien senior secured revolving loan","Fortis Solutions Group, LLC",fortis solutions,fortis solutions,debt,debt,revolver,other_debt,first_lien,unknown,UNKNOWN,UNKNOWN,UNKNOWN,UNKNOWN,0.0550,,,,,,funded,funded,,,True,True,False,,,,,,True,facility_type,2,same_borrower_different_facility,high,debt_equity_match|funded_status_match|conflict:facility_type,20260813,True,same_borrower_different_facility,manual confirmation after identifier/evidence review,Codex manual review 2026-08-13
1b7e425fbb1eeb13b9cc8598,2025-06-30,2025Q2,1c057356113f6342bee13dd0,5ffbc4cd54871f6acbc6ca60,OCIC,OBDC,1812554,1655888,0001812554-25-000052,0001655888-25-000020,2025-08-07 16:12:00.0,2025-08-06 16:06:00.0,"PPV Intermediate Holdings, LLC, First lien senior secured loan","PPV Intermediate Holdings, LLC, First lien senior secured loan",ppv intermediate,ppv intermediate,debt,debt,other_debt,other_debt,first_lien,first_lien,UNKNOWN,UNKNOWN,UNKNOWN,UNKNOWN,0.0575,0.0575,0.00000000,,,,funded,funded,,,True,True,True,True,,,True,,True,,5,same_facility,high,debt_equity_match|facility_type_match|lien_match|spread_match_25bp|funded_status_match,20260813,True,same_facility,manual confirmation after identifier/evidence review,Codex manual review 2026-08-13
1b9ca7d17f96af256282f57c,2025-09-30,2025Q3,200c1a8447e1fd8e750c9e84,81fedc8c6ea1c86f2ed5c7a0,ASIF,ARCC,1918712,1287750,0001918712-25-000092,0001287750-25-000046,2025-11-14 16:22:00.0,2025-10-27 20:48:00.0,"North Haven Stack Buyer, LLC, First lien senior secured loan 3","North Haven Stack Buyer, LLC, First lien senior secured loan 2",north haven stack buyer,north haven stack buyer,debt,debt,other_debt,other_debt,first_lien,first_lien,UNKNOWN,UNKNOWN,UNKNOWN,UNKNOWN,0.0475,0.0475,0.00000000,,,,funded,funded,,,True,True,True,True,,,True,,True,,5,same_facility,high,debt_equity_match|facility_type_match|lien_match|spread_match_25bp|funded_status_match,20260813,True,same_facility,manual confirmation after identifier/evidence review,Codex manual review 2026-08-13
1c8b0b4f5bc3ec9be50b40d3,2025-09-30,2025Q3,21093f1a122e58e8557de374,642e76ac7b0aafc7c0a94523,OCIC,OBDC,1812554,1655888,0001812554-25-000081,0001655888-25-000024,2025-11-06 16:05:00.0,2025-11-05 16:36:00.0,"Guidehouse Inc., First lien senior secured loan","Guidehouse Inc., First lien senior secured loan",guidehouse,guidehouse,debt,debt,other_debt,other_debt,first_lien,first_lien,UNKNOWN,UNKNOWN,UNKNOWN,UNKNOWN,0.0300,0.0300,0.00000000,,,,funded,funded,,,True,True,True,True,,,True,,True,,5,same_facility,high,debt_equity_match|facility_type_match|lien_match|spread_match_25bp|funded_status_match,20260813,True,same_facility,manual confirmation after identifier/evidence review,Codex manual review 2026-08-13
1cbeaed86e61c53868bb2f2a,2025-06-30,2025Q2,3b9608622d833662f9f8ae70,75ad2b09f45919cc6a68739a,ASIF,OCSL,1918712,1414932,0001918712-25-000065,0001414932-25-000016,2025-08-08 16:14:00.0,2025-08-04 17:51:00.0,"Bausch + Lomb Corporation, First lien senior secured loan 1","Bausch + Lomb Corporation, First Lien Term Loan",bausch lomb,bausch lomb,debt,debt,other_debt,term_loan,first_lien,first_lien,UNKNOWN,UNKNOWN,UNKNOWN,UNKNOWN,0.0400,0.0425,0.00250000,,,,funded,funded,,,True,True,False,True,,,False,,True,facility_type,3,same_borrower_different_facility,high,debt_equity_match|lien_match|funded_status_match|conflict:facility_type,20260813,True,same_borrower_different_facility,manual confirmation after identifier/evidence review,Codex manual review 2026-08-13
1d0cc0d70f01fb9b9c7bd001,2025-06-30,2025Q2,7ed62ee426f380e844db620c,b21e2a429af8c33e698196b5,BCRED,BXSL,1803498,1736035,0001803498-25-000062,0001736035-25-000018,2025-08-12 16:30:00.0,2025-08-06 06:10:00.0,"Discovery Education, Inc. 2","Discovery Education, Inc. 3",discovery education,discovery education,unknown,unknown,unknown,unknown,unknown,unknown,UNKNOWN,UNKNOWN,UNKNOWN,UNKNOWN,0.0575,0.0675,0.01000000,,,,funded,funded,,,True,,,,,,False,,True,spread_gt_100bp,1,same_borrower_different_facility,medium,funded_status_match|conflict:spread_gt_100bp,20260813,True,same_borrower_different_facility,manual confirmation after identifier/evidence review,Codex manual review 2026-08-13
1dd716b8210b53a4ed1b8e74,2025-06-30,2025Q2,94db8543f1df76f3954f613a,c16ef4f4adf1bb8357d16b03,NMFC,ASIF,1496099,1918712,0001496099-25-000027,0001918712-25-000065,2025-08-04 16:49:00.0,2025-08-08 16:14:00.0,"Asurion, LLC 2, First Lien - Funded","Asurion, LLC, First lien senior secured loan 1",asurion,asurion,debt,debt,other_debt,other_debt,first_lien,first_lien,UNKNOWN,UNKNOWN,UNKNOWN,UNKNOWN,0.0425,0.0425,0.00000000,,,,funded,funded,,,True,True,True,True,,,True,,True,,5,same_facility,high,debt_equity_match|facility_type_match|lien_match|spread_match_25bp|funded_status_match,20260813,True,same_facility,manual confirmation after identifier/evidence review,Codex manual review 2026-08-13
217786fa39c735992dc7c19f,2025-09-30,2025Q3,d48e168eebf848c1761b0370,fb7a01e4d9ca20cbf5bc2e09,ASIF,BXSL,1918712,1736035,0001918712-25-000092,0001736035-25-000021,2025-11-14 16:22:00.0,2025-11-10 06:10:00.0,"Flexera Software LLC, First lien senior secured loan 2","Flexera Software, LLC 1",flexera software,flexera software,debt,unknown,other_debt,unknown,first_lien,unknown,UNKNOWN,UNKNOWN,UNKNOWN,UNKNOWN,0.0475,0.0475,0.00000000,,,,funded,funded,,,True,,,,,,True,,True,,2,uncertain,low,spread_match_25bp|funded_status_match,20260813,True,uncertain,manual confirmation after identifier/evidence review,Codex manual review 2026-08-13
21e286bf3e23688eef75e03a,2025-09-30,2025Q3,2f14275fe10110c6116fcc5e,d70357ec9afb6d16415d17f1,ARCC,ASIF,1287750,1918712,0001287750-25-000046,0001918712-25-000092,2025-10-27 20:48:00.0,2025-11-14 16:22:00.0,"Bulab Holdings, Inc. and Buckman PPC Co-Invest LP, First lien senior secured loan","Bulab Holdings, Inc. and Buckman PPC Co-Invest LP, First lien senior secured loan 1",bulab and buckman ppc invest,bulab and buckman ppc invest,debt,debt,other_debt,other_debt,first_lien,first_lien,UNKNOWN,UNKNOWN,UNKNOWN,UNKNOWN,0.0475,0.0475,0.00000000,,,,funded,funded,,,True,True,True,True,,,True,,True,,5,same_facility,high,debt_equity_match|facility_type_match|lien_match|spread_match_25bp|funded_status_match,20260813,True,same_facility,manual confirmation after identifier/evidence review,Codex manual review 2026-08-13
229cc9711ed2067938607ded,2025-09-30,2025Q3,1354d7eb643114527315f3e3,9034e456e5e496d542c26f36,ASIF,ARCC,1918712,1287750,0001918712-25-000092,0001287750-25-000046,2025-11-14 16:22:00.0,2025-10-27 20:48:00.0,"Digicert, Inc., Dcert Buyer, Inc., DCert Preferred Holdings, Inc. and Destiny Digital Holdings, L.P., First lien senior secured loan","Digicert, Inc., Dcert Buyer, Inc., DCert Preferred Holdings, Inc. and Destiny Digital Holdings, L.P. Second lien senior secured loan",digicert dcert buyer dcert and destiny digital,digicert dcert buyer dcert and destiny digital,equity,equity,preferred_equity,preferred_equity,first_lien,second_lien,UNKNOWN,UNKNOWN,UNKNOWN,UNKNOWN,0.0575,0.0700,0.01250000,,,,funded,funded,,,True,True,True,False,,,False,,True,lien|spread_gt_100bp,3,same_borrower_different_facility,high,debt_equity_match|facility_type_match|funded_status_match|conflict:lien|conflict:spread_gt_100bp,20260813,True,same_borrower_different_facility,manual confirmation after identifier/evidence review,Codex manual review 2026-08-13
234618a4c74efe95ce7d0f36,2025-09-30,2025Q3,802e4c8e58047bf2b11def92,d3f57e93244ebcaf353657c5,ASIF,ARCC,1918712,1287750,0001918712-25-000092,0001287750-25-000046,2025-11-14 16:22:00.0,2025-10-27 20:48:00.0,"Flexera Software LLC, First lien senior secured loan 1",Flexera Software LLC,flexera software,flexera software,debt,unknown,other_debt,unknown,first_lien,unknown,UNKNOWN,UNKNOWN,UNKNOWN,UNKNOWN,0.0475,,,,,,funded,funded,,,True,,,,,,,,True,,1,uncertain,low,funded_status_match,20260813,True,uncertain,manual confirmation after identifier/evidence review,Codex manual review 2026-08-13
23f9b3ff949674b9b9fb9c86,2025-09-30,2025Q3,9960d445a3370a4d7a929781,9a2937892f80fe27f7cbd847,BCRED,NMFC,1803498,1496099,0001803498-25-000081,0001496099-25-000035,2025-11-13 16:37:00.0,2025-11-03 16:44:00.0,"Maverick Bidco, Inc. 4","Maverick Bidco Inc. 1, First lien - Funded",maverick bidco,maverick bidco,unknown,debt,unknown,other_debt,unknown,first_lien,UNKNOWN,UNKNOWN,UNKNOWN,UNKNOWN,0.0800,0.0500,0.03000000,,,,funded,funded,,,True,,,,,,False,,True,spread_gt_100bp,1,same_borrower_different_facility,medium,funded_status_match|conflict:spread_gt_100bp,20260813,True,same_borrower_different_facility,manual confirmation after identifier/evidence review,Codex manual review 2026-08-13
2422d0e6c1be9992916b50e3,2025-06-30,2025Q2,182e28ec04751fec746b2e38,e65ad2c1ac4e06fd7f7f0674,OCIC,OBDC,1812554,1655888,0001812554-25-000052,0001655888-25-000020,2025-08-07 16:12:00.0,2025-08-06 16:06:00.0,"Lightbeam Bidco, Inc. (dba Lazer Spot), First lien senior secured loan","Lightbeam Bidco, Inc. (dba Lazer Spot), First lien senior secured loan",lightbeam bidco dba lazer spot,lightbeam bidco dba lazer spot,debt,debt,other_debt,other_debt,first_lien,first_lien,UNKNOWN,UNKNOWN,UNKNOWN,UNKNOWN,0.0500,0.0500,0.00000000,,,,funded,funded,,,True,True,True,True,,,True,,True,,5,same_facility,high,debt_equity_match|facility_type_match|lien_match|spread_match_25bp|funded_status_match,20260813,True,same_facility,manual confirmation after identifier/evidence review,Codex manual review 2026-08-13
273ef9959cd6319dc2d7b731,2025-06-30,2025Q2,3c540ca7bdae6a200c959ba8,9fb0e4a3d3960a0de6680f92,OCIC,NMFC,1812554,1496099,0001812554-25-000052,0001496099-25-000027,2025-08-07 16:12:00.0,2025-08-04 16:49:00.0,"Asurion, LLC, First lien senior secured loan 1","Asurion, LLC 1, First lien - Funded",asurion,asurion,debt,debt,other_debt,other_debt,first_lien,first_lien,UNKNOWN,UNKNOWN,UNKNOWN,UNKNOWN,0.0325,0.0425,0.01000000,,,,funded,funded,,,True,True,True,True,,,False,,True,spread_gt_100bp,4,same_borrower_different_facility,medium,debt_equity_match|facility_type_match|lien_match|funded_status_match|conflict:spread_gt_100bp,20260813,True,same_borrower_different_facility,manual confirmation after identifier/evidence review,Codex manual review 2026-08-13
275dd8a7f6efe959853d657b,2025-09-30,2025Q3,2fb765ec30d9705508f8060f,cb73c99acebd2ed2401932d5,BXSL,BCRED,1736035,1803498,0001736035-25-000021,0001803498-25-000081,2025-11-10 06:10:00.0,2025-11-13 16:37:00.0,"Jayhawk Buyer, LLC 2","Jayhawk Buyer, LLC",jayhawk buyer,jayhawk buyer,unknown,unknown,unknown,unknown,unknown,unknown,UNKNOWN,UNKNOWN,UNKNOWN,UNKNOWN,0.0875,0.0500,0.03750000,,,,funded,funded,,,True,,,,,,False,,True,spread_gt_100bp,1,same_borrower_different_facility,medium,funded_status_match|conflict:spread_gt_100bp,20260813,True,same_borrower_different_facility,manual confirmation after identifier/evidence review,Codex manual review 2026-08-13
27c7b10554f9e07c3e27ebb1,2025-06-30,2025Q2,3612c90135b49d37cf0e8613,ca3a00ad470adae508f1fe02,ARCC,ASIF,1287750,1918712,0001287750-25-000038,0001918712-25-000065,2025-07-28 21:23:00.0,2025-08-08 16:14:00.0,"Firebird Acquisition Corp, Inc., First lien senior secured loan","Firebird Acquisition Corp, Inc., First lien senior secured revolving loan",firebird acquisition,firebird acquisition,debt,debt,other_debt,revolver,first_lien,first_lien,UNKNOWN,UNKNOWN,UNKNOWN,UNKNOWN,0.0500,,,,,,funded,funded,,,True,True,False,True,,,,,True,facility_type,3,same_borrower_different_facility,high,debt_equity_match|lien_match|funded_status_match|conflict:facility_type,20260813,True,same_borrower_different_facility,manual confirmation after identifier/evidence review,Codex manual review 2026-08-13
284059f9b94fdb6e608f77b2,2025-06-30,2025Q2,6a322398f1444273e93b06f3,9810fb3f326693f5af0e32c7,ARCC,BXSL,1287750,1736035,0001287750-25-000038,0001736035-25-000018,2025-07-28 21:23:00.0,2025-08-06 06:10:00.0,"IQN Holding Corp., First lien senior secured loan",IQN Holding Corp. 2,iqn,iqn,debt,unknown,other_debt,unknown,first_lien,unknown,UNKNOWN,UNKNOWN,UNKNOWN,UNKNOWN,0.0575,0.0525,0.00500000,,,,funded,funded,,,True,,,,,,False,,True,,1,unrelated,high,funded_status_match,20260813,True,uncertain,manual override after identifier/evidence review; insufficient exact-facility evidence,Codex manual review 2026-08-13
29d35cde96a4a4f0787bfba1,2025-09-30,2025Q3,3fdf1dc193fd25c4df6adc38,f36f8fc41859871318c31010,NMFC,OBDC,1496099,1655888,0001496099-25-000035,0001655888-25-000024,2025-11-03 16:44:00.0,2025-11-05 16:36:00.0,"Park Place Technologies, LLC, First lien 1","Park Place Technologies, LLC, First lien senior secured revolving loan",park place technologies,park place technologies,debt,debt,other_debt,revolver,first_lien,first_lien,UNKNOWN,UNKNOWN,UNKNOWN,UNKNOWN,0.0525,0.0525,0.00000000,,,,funded,funded,,,True,True,False,True,,,True,,True,facility_type,4,same_borrower_different_facility,high,debt_equity_match|lien_match|spread_match_25bp|funded_status_match|conflict:facility_type,20260813,True,same_borrower_different_facility,manual confirmation after identifier/evidence review,Codex manual review 2026-08-13
29de80a32ceb9f995ccfc550,2025-09-30,2025Q3,32adf46070385cf9c35772aa,cc816ed9c7cde86f9ea7c434,ASIF,HPS,1918712,1838126,0001918712-25-000092,0001838126-25-000073,2025-11-14 16:22:00.0,2025-11-14 13:58:00.0,"Hub International Limited, First lien senior secured loan",HUB International Ltd 1,hub international,hub international,debt,unknown,other_debt,unknown,first_lien,unknown,UNKNOWN,UNKNOWN,UNKNOWN,UNKNOWN,0.0225,0.0725,0.05000000,,,,funded,funded,,,True,,,,,,False,,True,spread_gt_100bp,1,same_borrower_different_facility,medium,funded_status_match|conflict:spread_gt_100bp,20260813,True,same_borrower_different_facility,manual confirmation after identifier/evidence review,Codex manual review 2026-08-13
2a8e0311cd0417bf4d44b65b,2025-06-30,2025Q2,4684a71f8669c06130e072b2,f85ee2576f528b9fe87ce9f4,OCIC,HPS,1812554,1838126,0001812554-25-000052,0001838126-25-000055,2025-08-07 16:12:00.0,2025-08-13 17:03:00.0,"Acrisure, LLC, Unsecured notes",Acrisure LLC 1,acrisure,acrisure,unknown,unknown,unknown,unknown,unsecured,unknown,UNKNOWN,UNKNOWN,UNKNOWN,UNKNOWN,0.0850,0.0300,0.05500000,,,,funded,funded,,,True,,,,,,False,,True,spread_gt_100bp,1,same_borrower_different_facility,medium,funded_status_match|conflict:spread_gt_100bp,20260813,True,same_borrower_different_facility,manual confirmation after identifier/evidence review,Codex manual review 2026-08-13
2c15010b4c80001f0efbf1bc,2025-06-30,2025Q2,56f464cc659d4277abe60b83,855d185eda77c15195075217,NMFC,ARCC,1496099,1287750,0001496099-25-000027,0001287750-25-000038,2025-08-04 16:49:00.0,2025-07-28 21:23:00.0,"MRI Software LLC, First lien 2","MRI Software LLC, First lien senior secured loan 1",mri software,mri software,debt,debt,other_debt,other_debt,first_lien,first_lien,UNKNOWN,UNKNOWN,UNKNOWN,UNKNOWN,0.0475,0.0475,0.00000000,,,,funded,funded,,,True,True,True,True,,,True,,True,,5,same_facility,high,debt_equity_match|facility_type_match|lien_match|spread_match_25bp|funded_status_match,20260813,True,same_facility,manual confirmation after identifier/evidence review,Codex manual review 2026-08-13
2c4726eea92232f3d8b11974,2025-09-30,2025Q3,81399feeb7144236674f5982,a5d990b2cc2795041e445885,OCIC,OBDC,1812554,1655888,0001812554-25-000081,0001655888-25-000024,2025-11-06 16:05:00.0,2025-11-05 16:36:00.0,"Troon Golf, L.L.C., First lien senior secured loan","Troon Golf, L.L.C., First lien senior secured loan",troon golf l l c,troon golf l l c,debt,debt,other_debt,other_debt,first_lien,first_lien,UNKNOWN,UNKNOWN,UNKNOWN,UNKNOWN,0.0475,0.0475,0.00000000,,,,funded,funded,,,True,True,True,True,,,True,,True,,5,same_facility,high,debt_equity_match|facility_type_match|lien_match|spread_match_25bp|funded_status_match,20260813,True,same_facility,manual confirmation after identifier/evidence review,Codex manual review 2026-08-13
2ccf10a364c0c9bcfb39dea3,2025-09-30,2025Q3,692a32019e8f428ce45e4f35,8b14fd2eb8812e0da098adc4,OCIC,OBDC,1812554,1655888,0001812554-25-000081,0001655888-25-000024,2025-11-06 16:05:00.0,2025-11-05 16:36:00.0,"IG Investments Holdings, LLC (dba Insight Global), First lien senior secured loan","IG Investments Holdings, LLC (dba Insight Global), First lien senior secured loan",ig investments dba insight global,ig investments dba insight global,debt,debt,other_debt,other_debt,first_lien,first_lien,UNKNOWN,UNKNOWN,UNKNOWN,UNKNOWN,0.0500,0.0500,0.00000000,,,,funded,funded,,,True,True,True,True,,,True,,True,,5,same_facility,high,debt_equity_match|facility_type_match|lien_match|spread_match_25bp|funded_status_match,20260813,True,same_facility,manual confirmation after identifier/evidence review,Codex manual review 2026-08-13
2ee8226b483b858d92e69cc3,2025-06-30,2025Q2,04ef5734ff527494c8d01913,de6ed79906dffd4d4487671c,ASIF,ARCC,1918712,1287750,0001918712-25-000065,0001287750-25-000038,2025-08-08 16:14:00.0,2025-07-28 21:23:00.0,"Creek Parent, Inc. and Creek Feeder, L.P., First lien senior secured loan","Creek Parent, Inc. and Creek Feeder, L.P.",creek parent and creek feeder,creek parent and creek feeder,debt,unknown,other_debt,unknown,first_lien,unknown,UNKNOWN,UNKNOWN,UNKNOWN,UNKNOWN,0.0525,,,,,,funded,funded,,,True,,,,,,,,True,,1,uncertain,low,funded_status_match,20260813,True,uncertain,manual confirmation after identifier/evidence review,Codex manual review 2026-08-13
313e8047998e174c7d994795,2025-09-30,2025Q3,84911d78be4c77157a43a611,c7514c0a4c3ca94e4f934171,ASIF,ARCC,1918712,1287750,0001918712-25-000092,0001287750-25-000046,2025-11-14 16:22:00.0,2025-10-27 20:48:00.0,"Shermco Intermediate Holdings, Inc., First lien senior secured loan","Shermco Intermediate Holdings, Inc., First lien senior secured loan 4",shermco intermediate,shermco intermediate,debt,debt,other_debt,other_debt,first_lien,first_lien,UNKNOWN,UNKNOWN,UNKNOWN,UNKNOWN,0.0500,0.0500,0.00000000,,,,funded,funded,,,True,True,True,True,,,True,,True,,5,same_facility,high,debt_equity_match|facility_type_match|lien_match|spread_match_25bp|funded_status_match,20260813,True,same_facility,manual confirmation after identifier/evidence review,Codex manual review 2026-08-13
319271d811cba1848e5ff52b,2025-06-30,2025Q2,0e78d3f911447bdb630b0339,2c1fd0d41e7acfdbb22d2996,ARCC,ASIF,1287750,1918712,0001287750-25-000038,0001918712-25-000065,2025-07-28 21:23:00.0,2025-08-08 16:14:00.0,"Collision SP Subco, LLC, First lien senior secured loan","Collision SP Subco, LLC, First lien senior secured loan",collision sp subco,collision sp subco,debt,debt,other_debt,other_debt,first_lien,first_lien,UNKNOWN,UNKNOWN,UNKNOWN,UNKNOWN,0.0475,0.0475,0.00000000,,,,funded,funded,,,True,True,True,True,,,True,,True,,5,same_facility,high,debt_equity_match|facility_type_match|lien_match|spread_match_25bp|funded_status_match,20260813,True,same_facility,manual confirmation after identifier/evidence review,Codex manual review 2026-08-13
321cfde2902ad52163c2e25b,2025-09-30,2025Q3,08512613f82c7405632aa594,9269da21fcf9a0c54e6f9aad,BXSL,NMFC,1736035,1496099,0001736035-25-000021,0001496099-25-000035,2025-11-10 06:10:00.0,2025-11-03 16:44:00.0,"ACI Group Holdings, Inc. 1","ACI Group Holdings, Inc., First lien 1",aci,aci,unknown,debt,unknown,other_debt,unknown,first_lien,UNKNOWN,UNKNOWN,UNKNOWN,UNKNOWN,0.0600,0.0275,0.03250000,,,,funded,funded,,,True,,,,,,False,,True,spread_gt_100bp,1,unrelated,high,funded_status_match|conflict:spread_gt_100bp,20260813,True,same_borrower_different_facility,manual override after identifier/evidence review; insufficient exact-facility evidence,Codex manual review 2026-08-13
3294eb819179851ee675c800,2025-06-30,2025Q2,c377b7e4765e895411c1203d,e8d60c825a94d231b8718f9d,OCIC,NMFC,1812554,1496099,0001812554-25-000052,0001496099-25-000027,2025-08-07 16:12:00.0,2025-08-04 16:49:00.0,"Asurion, LLC, Second lien senior secured loan 1","Asurion, LLC 3, First Lien - Funded",asurion,asurion,debt,debt,other_debt,other_debt,second_lien,first_lien,UNKNOWN,UNKNOWN,UNKNOWN,UNKNOWN,0.0525,0.0425,0.01000000,,,,funded,funded,,,True,True,True,False,,,False,,True,lien,3,same_borrower_different_facility,high,debt_equity_match|facility_type_match|funded_status_match|conflict:lien,20260813,True,same_borrower_different_facility,manual confirmation after identifier/evidence review,Codex manual review 2026-08-13
331f3847549b32536088f6e8,2025-06-30,2025Q2,1186d2949a870c9d9ec020fe,eb12b3cc623194fc7c5a8a65,ARCC,ASIF,1287750,1918712,0001287750-25-000038,0001918712-25-000065,2025-07-28 21:23:00.0,2025-08-08 16:14:00.0,"North Haven Stack Buyer, LLC, First lien senior secured loan 6","North Haven Stack Buyer, LLC, First lien senior secured loan 3",north haven stack buyer,north haven stack buyer,debt,debt,other_debt,other_debt,first_lien,first_lien,UNKNOWN,UNKNOWN,UNKNOWN,UNKNOWN,0.0525,0.0500,0.00250000,,,,funded,funded,,,True,True,True,True,,,True,,True,,5,same_facility,high,debt_equity_match|facility_type_match|lien_match|spread_match_25bp|funded_status_match,20260813,True,same_facility,manual confirmation after identifier/evidence review,Codex manual review 2026-08-13
34012716b5034a63538d4c96,2025-06-30,2025Q2,1539eb973b18128cc2813b5e,7087c601d77f94d19ac5824a,BXSL,NMFC,1736035,1496099,0001736035-25-000018,0001496099-25-000027,2025-08-06 06:10:00.0,2025-08-04 16:49:00.0,"GS Acquisitionco, Inc. 2","GS Acquisitionco, Inc",gs acquisitionco,gs acquisitionco,unknown,debt,unknown,other_debt,unknown,unknown,UNKNOWN,UNKNOWN,UNKNOWN,UNKNOWN,0.0525,,,,,,funded,unfunded,,,True,,,,,,,,False,funded_status,0,same_borrower_different_facility,medium,conflict:funded_status,20260813,True,same_borrower_different_facility,manual confirmation after identifier/evidence review,Codex manual review 2026-08-13
341023b2a6d3578c04bcb378,2025-09-30,2025Q3,7c5cacb165100a467d278ab2,e90479c17603106f87e1b13f,ASIF,ARCC,1918712,1287750,0001918712-25-000092,0001287750-25-000046,2025-11-14 16:22:00.0,2025-10-27 20:48:00.0,"Reddy Ice LLC, First lien senior secured revolving loan, 11.75%","Reddy Ice LLC, First lien senior secured revolving loan 3",reddy ice,reddy ice,debt,debt,revolver,revolver,first_lien,first_lien,UNKNOWN,UNKNOWN,UNKNOWN,UNKNOWN,0.0450,0.0450,0.00000000,,,,funded,funded,,,True,True,True,True,,,True,,True,,5,same_facility,high,debt_equity_match|facility_type_match|lien_match|spread_match_25bp|funded_status_match,20260813,True,same_facility,manual confirmation after identifier/evidence review,Codex manual review 2026-08-13
348965d08751e3aefcd95ec5,2025-06-30,2025Q2,3b9608622d833662f9f8ae70,4b8a667215b9a8d245125ea9,ASIF,OCSL,1918712,1414932,0001918712-25-000065,0001414932-25-000016,2025-08-08 16:14:00.0,2025-08-04 17:51:00.0,"Bausch + Lomb Corporation, First lien senior secured loan 1","Bausch + Lomb Corp, First Lien Term Loan",bausch lomb,bausch lomb,debt,debt,other_debt,term_loan,first_lien,first_lien,UNKNOWN,UNKNOWN,UNKNOWN,UNKNOWN,0.0400,0.0425,0.00250000,,,,funded,funded,,,True,True,False,True,,,False,,True,facility_type,3,same_borrower_different_facility,high,debt_equity_match|lien_match|funded_status_match|conflict:facility_type,20260813,True,same_borrower_different_facility,manual confirmation after identifier/evidence review,Codex manual review 2026-08-13
3528312df93689a81eaabf1a,2025-09-30,2025Q3,cd38169c073de46c830f4e14,dc127a544e34c1388935a8f0,ARCC,ASIF,1287750,1918712,0001287750-25-000046,0001918712-25-000092,2025-10-27 20:48:00.0,2025-11-14 16:22:00.0,"SV Newco 2, Inc. and Site 2020 Incorporated, First lien senior secured loan 2","SV Newco 2, Inc. and Site 2020 Incorporated, First lien senior secured loan 1",sv newco and site,sv newco and site,debt,debt,other_debt,other_debt,first_lien,first_lien,UNKNOWN,UNKNOWN,UNKNOWN,UNKNOWN,0.0475,0.0475,0.00000000,,,,funded,funded,,,True,True,True,True,,,True,,True,,5,same_facility,high,debt_equity_match|facility_type_match|lien_match|spread_match_25bp|funded_status_match,20260813,True,same_facility,manual confirmation after identifier/evidence review,Codex manual review 2026-08-13
37b02c13b6b2bae2b762def9,2025-09-30,2025Q3,3f68473e58b722eb8ee98468,e7ff6f33e6597f744ce84005,ARCC,OCSL,1287750,1414932,0001287750-25-000046,0001414932-25-000022,2025-10-27 20:48:00.0,2025-11-17 18:00:00.0,"Nexus Buyer LLC, Second lien senior secured loan","Nexus Buyer LLC, First Lien Term Loan",nexus buyer,nexus buyer,debt,debt,other_debt,term_loan,second_lien,first_lien,UNKNOWN,UNKNOWN,UNKNOWN,UNKNOWN,0.0575,0.0400,0.01750000,,,,funded,funded,,,True,True,False,False,,,False,,True,facility_type|lien|spread_gt_100bp,2,same_borrower_different_facility,high,debt_equity_match|funded_status_match|conflict:facility_type|conflict:lien|conflict:spread_gt_100bp,20260813,True,same_borrower_different_facility,manual confirmation after identifier/evidence review,Codex manual review 2026-08-13
37d385842275c54876b2bda5,2025-09-30,2025Q3,35eab7da17b73f127c09db3b,ebf634575c8bfae70e5129c7,OBDC,OCIC,1655888,1812554,0001655888-25-000024,0001812554-25-000081,2025-11-05 16:36:00.0,2025-11-06 16:05:00.0,"Salinger Bidco Inc. (dba Surgical Information Systems), First lien senior secured loan","Salinger Bidco Inc. (dba Surgical Information Systems), First lien senior secured loan",salinger bidco dba surgical information systems,salinger bidco dba surgical information systems,debt,debt,other_debt,other_debt,first_lien,first_lien,UNKNOWN,UNKNOWN,UNKNOWN,UNKNOWN,0.0575,0.0575,0.00000000,,,,funded,funded,,,True,True,True,True,,,True,,True,,5,same_facility,high,debt_equity_match|facility_type_match|lien_match|spread_match_25bp|funded_status_match,20260813,True,same_facility,manual confirmation after identifier/evidence review,Codex manual review 2026-08-13
385f452673a82a42d9272f21,2025-06-30,2025Q2,6cc9fff508c6b2e5d3c23bc9,bd350d032bc1101622f04e94,NMFC,BXSL,1496099,1736035,0001496099-25-000027,0001736035-25-000018,2025-08-04 16:49:00.0,2025-08-06 06:10:00.0,"ACI Group Holdings, Inc.","ACI Group Holdings, Inc. 2",aci,aci,debt,unknown,other_debt,unknown,unknown,unknown,UNKNOWN,UNKNOWN,UNKNOWN,UNKNOWN,,0.0550,,,,,funded,funded,,,True,,,,,,,,True,,1,unrelated,high,funded_status_match,20260813,True,uncertain,manual override after identifier/evidence review; insufficient exact-facility evidence,Codex manual review 2026-08-13
3956aac4794bd4e5e5d099f4,2025-09-30,2025Q3,200c1a8447e1fd8e750c9e84,5908ea39af0832e2992db3b0,ASIF,ARCC,1918712,1287750,0001918712-25-000092,0001287750-25-000046,2025-11-14 16:22:00.0,2025-10-27 20:48:00.0,"North Haven Stack Buyer, LLC, First lien senior secured loan 3","North Haven Stack Buyer, LLC, First lien senior secured loan 7",north haven stack buyer,north haven stack buyer,debt,debt,other_debt,other_debt,first_lien,first_lien,UNKNOWN,UNKNOWN,UNKNOWN,UNKNOWN,0.0475,0.0475,0.00000000,,,,funded,funded,,,True,True,True,True,,,True,,True,,5,same_facility,high,debt_equity_match|facility_type_match|lien_match|spread_match_25bp|funded_status_match,20260813,True,same_facility,manual confirmation after identifier/evidence review,Codex manual review 2026-08-13
39e934fc94ce60544c451d1a,2025-09-30,2025Q3,2329c9da70bd16dcd487867c,56713c352394ee9d20602b1a,ASIF,NMFC,1918712,1496099,0001918712-25-000092,0001496099-25-000035,2025-11-14 16:22:00.0,2025-11-03 16:44:00.0,"Ardonagh Midco 3 Limited, First lien senior secured loan","Ardonagh Midco 3 Limited, First lien - Funded",ardonagh midco,ardonagh midco,debt,debt,other_debt,other_debt,first_lien,first_lien,UNKNOWN,UNKNOWN,UNKNOWN,UNKNOWN,0.0275,0.0275,0.00000000,,,,funded,funded,,,True,True,True,True,,,True,,True,,5,same_facility,high,debt_equity_match|facility_type_match|lien_match|spread_match_25bp|funded_status_match,20260813,True,same_facility,manual confirmation after identifier/evidence review,Codex manual review 2026-08-13
3a475d6dbf1fea74d31b0fad,2025-06-30,2025Q2,47970a1f2229a7ff948b4d19,e46421d6eda62d2cd895d8b7,BCRED,BXSL,1803498,1736035,0001803498-25-000062,0001736035-25-000018,2025-08-12 16:30:00.0,2025-08-06 06:10:00.0,"JSS Holdings, Inc. 2","JSS Holdings, Inc. 1",jss,jss,unknown,unknown,unknown,unknown,unknown,unknown,UNKNOWN,UNKNOWN,UNKNOWN,UNKNOWN,0.0525,0.0525,0.00000000,,,,funded,funded,,,True,,,,,,True,,True,,2,unrelated,high,spread_match_25bp|funded_status_match,20260813,True,uncertain,manual override after identifier/evidence review; insufficient exact-facility evidence,Codex manual review 2026-08-13
3a84ae0d96c3b6687e953ba5,2025-09-30,2025Q3,3101ea8675008ab9c89bdee1,9eb16dbd575ad51cc966a398,ARCC,ASIF,1287750,1918712,0001287750-25-000046,0001918712-25-000092,2025-10-27 20:48:00.0,2025-11-14 16:22:00.0,"PYE-Barker Fire & Safety, LLC","PYE-Barker Fire & Safety, LLC",pye barker fire and safety,pye barker fire and safety,unknown,unknown,unknown,unknown,unknown,unknown,UNKNOWN,UNKNOWN,UNKNOWN,UNKNOWN,,,,,,,funded,funded,,,True,,,,,,,,True,,1,uncertain,low,funded_status_match,20260813,True,uncertain,manual confirmation after identifier/evidence review,Codex manual review 2026-08-13
3b81deb56c47efab7afc7c51,2025-09-30,2025Q3,87e434b2f615a1253a2f3830,f493d3996ee852d5ff9d9df3,OBDC,OCIC,1655888,1812554,0001655888-25-000024,0001812554-25-000081,2025-11-05 16:36:00.0,2025-11-06 16:05:00.0,"Sitecore Holding III A/S, First lien senior secured EUR term loan","Sitecore Holding III A/S, First lien senior secured EUR term loan",sitecore iii a s eur,sitecore iii a s eur,debt,debt,term_loan,term_loan,first_lien,first_lien,UNKNOWN,UNKNOWN,UNKNOWN,UNKNOWN,0.0325,0.0325,0.00000000,,,,funded,funded,,,True,True,True,True,,,True,,True,,5,same_facility,high,debt_equity_match|facility_type_match|lien_match|spread_match_25bp|funded_status_match,20260813,True,same_facility,manual confirmation after identifier/evidence review,Codex manual review 2026-08-13
3b94189a414af4d94fccb934,2025-06-30,2025Q2,4bdf3bb01ba50e3db41adac8,e52f954f7bcb9a0f6326d457,ARCC,MAIN,1287750,1396440,0001287750-25-000038,0001396440-25-000102,2025-07-28 21:23:00.0,2025-08-08 11:04:00.0,"Implus Footcare, LLC, First lien senior secured loan 4","Implus Footcare, LLC, Secured Debt 1",implus footcare,implus footcare,debt,debt,other_debt,other_debt,first_lien,secured_unspecified,UNKNOWN,UNKNOWN,UNKNOWN,UNKNOWN,0.0600,0.0600,0.00000000,,,,funded,funded,,,True,True,True,False,,,True,,True,lien,4,same_borrower_different_facility,high,debt_equity_match|facility_type_match|spread_match_25bp|funded_status_match|conflict:lien,20260813,True,same_borrower_different_facility,manual confirmation after identifier/evidence review,Codex manual review 2026-08-13
3cd411a23b250552b66ed790,2025-06-30,2025Q2,1b3c2a3ea51b5a9e8bd9ce7b,c91c719c3c38fddde3385805,OCIC,HPS,1812554,1838126,0001812554-25-000052,0001838126-25-000055,2025-08-07 16:12:00.0,2025-08-13 17:03:00.0,"OneDigital Borrower LLC, Second lien senior secured loan",OneDigital Borrower LLC,onedigital borrower,onedigital borrower,debt,unknown,other_debt,unknown,second_lien,unknown,UNKNOWN,UNKNOWN,UNKNOWN,UNKNOWN,0.0525,0.0300,0.02250000,,,,funded,funded,,,True,,,,,,False,,True,spread_gt_100bp,1,same_borrower_different_facility,medium,funded_status_match|conflict:spread_gt_100bp,20260813,True,same_borrower_different_facility,manual confirmation after identifier/evidence review,Codex manual review 2026-08-13
3da52352e1b5243cdcde8b2a,2025-06-30,2025Q2,002d63416c00404860364efb,c7c5cd9303ad1a562d7ef9fc,OBDC,OCIC,1655888,1812554,0001655888-25-000020,0001812554-25-000052,2025-08-06 16:06:00.0,2025-08-07 16:12:00.0,"Interoperability Bidco, Inc. (dba Lyniate), First lien senior secured loan","Interoperability Bidco, Inc. (dba Lyniate), First lien senior secured loan",interoperability bidco dba lyniate,interoperability bidco dba lyniate,debt,debt,other_debt,other_debt,first_lien,first_lien,UNKNOWN,UNKNOWN,UNKNOWN,UNKNOWN,0.0575,0.0575,0.00000000,,,,funded,funded,,,True,True,True,True,,,True,,True,,5,same_facility,high,debt_equity_match|facility_type_match|lien_match|spread_match_25bp|funded_status_match,20260813,True,same_facility,manual confirmation after identifier/evidence review,Codex manual review 2026-08-13
3da9a0b8cd9d91399a091dbe,2025-09-30,2025Q3,29d7b9b48a7c42ac1417bf50,8da3c1afcc3235b0c09414b8,OCSL,OCIC,1414932,1812554,0001414932-25-000022,0001812554-25-000081,2025-11-17 18:00:00.0,2025-11-06 16:05:00.0,"DirecTV Financing, LLC, First Lien Term Loan","DIRECTV Financing, LLC, First lien senior secured loan",directv financing,directv financing,debt,debt,term_loan,other_debt,first_lien,first_lien,UNKNOWN,UNKNOWN,UNKNOWN,UNKNOWN,0.0525,0.0525,0.00000000,,,,funded,funded,,,True,True,False,True,,,True,,True,facility_type,4,same_borrower_different_facility,high,debt_equity_match|lien_match|spread_match_25bp|funded_status_match|conflict:facility_type,20260813,True,same_borrower_different_facility,manual confirmation after identifier/evidence review,Codex manual review 2026-08-13
3efdff0de31b396285655614,2025-09-30,2025Q3,31ffe4ab343b7cb50083c118,f700b1a024328f0b12049400,OCIC,HPS,1812554,1838126,0001812554-25-000081,0001838126-25-000073,2025-11-06 16:05:00.0,2025-11-14 13:58:00.0,"Baker Tilly Advisory Group, LP, First lien senior secured loan 2","Baker Tilly Advisory Group, LP 1",baker tilly advisory,baker tilly advisory,debt,unknown,other_debt,unknown,first_lien,unknown,UNKNOWN,UNKNOWN,UNKNOWN,UNKNOWN,0.0450,0.0475,0.00250000,,,,funded,funded,,,True,,,,,,False,,True,,1,uncertain,low,funded_status_match,20260813,True,uncertain,manual confirmation after identifier/evidence review,Codex manual review 2026-08-13
4136068fc3ac3cf269db07d0,2025-06-30,2025Q2,18891c55449086595285c2a6,7c3924d227dd82d2bab93b0c,ASIF,ARCC,1918712,1287750,0001918712-25-000065,0001287750-25-000038,2025-08-08 16:14:00.0,2025-07-28 21:23:00.0,"Meyer Laboratory, LLC and Meyer Parent, LLC, First lien senior secured revolving loan","Meyer Laboratory, LLC and Meyer Parent, LLC, First lien senior secured revolving loan",meyer laboratory and meyer parent,meyer laboratory and meyer parent,debt,debt,revolver,revolver,first_lien,first_lien,UNKNOWN,UNKNOWN,UNKNOWN,UNKNOWN,0.0475,0.0475,0.00000000,,,,funded,funded,,,True,True,True,True,,,True,,True,,5,same_facility,high,debt_equity_match|facility_type_match|lien_match|spread_match_25bp|funded_status_match,20260813,True,same_facility,manual confirmation after identifier/evidence review,Codex manual review 2026-08-13
41559bba0ecf19d247aed30f,2025-09-30,2025Q3,5abb8011d2fa5a79dce323b4,fce75c3208dba07dca17245e,ARCC,ASIF,1287750,1918712,0001287750-25-000046,0001918712-25-000092,2025-10-27 20:48:00.0,2025-11-14 16:22:00.0,"Premiere Buyer, LLC, First lien senior secured loan","Premiere Buyer, LLC, First lien senior secured loan",premiere buyer,premiere buyer,debt,debt,other_debt,other_debt,first_lien,first_lien,UNKNOWN,UNKNOWN,UNKNOWN,UNKNOWN,0.0450,0.0450,0.00000000,,,,funded,funded,,,True,True,True,True,,,True,,True,,5,same_facility,high,debt_equity_match|facility_type_match|lien_match|spread_match_25bp|funded_status_match,20260813,True,same_facility,manual confirmation after identifier/evidence review,Codex manual review 2026-08-13
41813d1853233367e460e26a,2025-09-30,2025Q3,ab77ef955003ef53a21b8f5f,ea6241a5cf0827106b8ac32c,NMFC,OCIC,1496099,1812554,0001496099-25-000035,0001812554-25-000081,2025-11-03 16:44:00.0,2025-11-06 16:05:00.0,"Zest Acquisition Corp., First Lien - Funded","Zest Acquisition Corp., First lien senior secured loan",zest acquisition,zest acquisition,debt,debt,other_debt,other_debt,first_lien,first_lien,UNKNOWN,UNKNOWN,UNKNOWN,UNKNOWN,0.0525,0.0525,0.00000000,,,,funded,funded,,,True,True,True,True,,,True,,True,,5,same_facility,high,debt_equity_match|facility_type_match|lien_match|spread_match_25bp|funded_status_match,20260813,True,same_facility,manual confirmation after identifier/evidence review,Codex manual review 2026-08-13
423557f46b545d59d0364829,2025-06-30,2025Q2,bcd97fd7154acb5b367f9646,c249af6dd5de8df56d1e825f,BCRED,ASIF,1803498,1918712,0001803498-25-000062,0001918712-25-000065,2025-08-12 16:30:00.0,2025-08-08 16:14:00.0,"OMNIA Partners, LLC","Omnia Partners, LLC, First lien senior secured loan",omnia partners,omnia partners,unknown,debt,unknown,other_debt,unknown,first_lien,UNKNOWN,UNKNOWN,UNKNOWN,UNKNOWN,0.0500,0.0275,0.02250000,,,,funded,funded,,,True,,,,,,False,,True,spread_gt_100bp,1,same_borrower_different_facility,medium,funded_status_match|conflict:spread_gt_100bp,20260813,True,same_borrower_different_facility,manual confirmation after identifier/evidence review,Codex manual review 2026-08-13
427a394c5ab88c549b524d59,2025-09-30,2025Q3,220bce436501b199a46f4d49,9bab472fe261a26e58571e6e,ARCC,ASIF,1287750,1918712,0001287750-25-000046,0001918712-25-000092,2025-10-27 20:48:00.0,2025-11-14 16:22:00.0,"Pathstone Family Office LLC and Kelso XI Tailwind Co-Investment, L.P., First lien senior secured loan 1","Pathstone Family Office LLC and Kelso XI Tailwind Co-Investment, L.P., First lien senior secured loan",pathstone family office and kelso xi tailwind investment,pathstone family office and kelso xi tailwind investment,debt,debt,other_debt,other_debt,first_lien,first_lien,UNKNOWN,UNKNOWN,UNKNOWN,UNKNOWN,0.0500,0.0500,0.00000000,,,,funded,funded,,,True,True,True,True,,,True,,True,,5,same_facility,high,debt_equity_match|facility_type_match|lien_match|spread_match_25bp|funded_status_match,20260813,True,same_facility,manual confirmation after identifier/evidence review,Codex manual review 2026-08-13
427bb5bda66f3c90ceae08ed,2025-06-30,2025Q2,56a500e1da7222dac0fb6edf,699e3a89afac8452d7ec9ea4,OCIC,OBDC,1812554,1655888,0001812554-25-000052,0001655888-25-000020,2025-08-07 16:12:00.0,2025-08-06 16:06:00.0,"Vermont Aus Pty Ltd, First lien senior secured AUD term loan","Vermont Aus Pty Ltd, First lien senior secured AUD term loan",vermont aus pty aud,vermont aus pty aud,debt,debt,term_loan,term_loan,first_lien,first_lien,UNKNOWN,UNKNOWN,UNKNOWN,UNKNOWN,0.0575,0.0575,0.00000000,,,,funded,funded,,,True,True,True,True,,,True,,True,,5,same_facility,high,debt_equity_match|facility_type_match|lien_match|spread_match_25bp|funded_status_match,20260813,True,same_facility,manual confirmation after identifier/evidence review,Codex manual review 2026-08-13
439d7f8f32ea6ff665efc0af,2025-09-30,2025Q3,3a90a218d0577c5f73d8b75c,3ccbaa18166e5a030289d589,ARCC,ASIF,1287750,1918712,0001287750-25-000046,0001918712-25-000092,2025-10-27 20:48:00.0,2025-11-14 16:22:00.0,"Mavis Tire Express Services Topco Corp., Metis Holdco, Inc. and Metis Topco, LP, First lien senior secured revolving loan","Mavis Tire Express Services Topco Corp., Metis HoldCo, Inc., and Metis TopCo, LP, First lien senior secured loan",mavis tire express services topco metis holdco and metis topco,mavis tire express services topco metis holdco and metis topco,debt,debt,revolver,other_debt,first_lien,first_lien,UNKNOWN,UNKNOWN,UNKNOWN,UNKNOWN,0.0325,0.0300,0.00250000,,,,funded,funded,,,True,True,False,True,,,False,,True,facility_type,3,same_borrower_different_facility,high,debt_equity_match|lien_match|funded_status_match|conflict:facility_type,20260813,True,same_borrower_different_facility,manual confirmation after identifier/evidence review,Codex manual review 2026-08-13
44a476dac21e89c5b4a73787,2025-06-30,2025Q2,35330018148c0e092bafdb95,a832baeb6fe02f5ac1a026dc,BCRED,BXSL,1803498,1736035,0001803498-25-000062,0001736035-25-000018,2025-08-12 16:30:00.0,2025-08-06 06:10:00.0,"Caerus US 1, Inc. 1","Caerus US 1, Inc. 5",caerus us,caerus us,unknown,unknown,unknown,unknown,unknown,unknown,UNKNOWN,UNKNOWN,UNKNOWN,UNKNOWN,0.0500,0.0500,0.00000000,,,,funded,funded,,,True,,,,,,True,,True,,2,uncertain,low,spread_match_25bp|funded_status_match,20260813,True,uncertain,manual confirmation after identifier/evidence review,Codex manual review 2026-08-13
45558074770681c5e29b6a7e,2025-06-30,2025Q2,44de220a477f44e9b2b5e055,f5db9c589039d63672f76cbe,OCSL,OCIC,1414932,1812554,0001414932-25-000016,0001812554-25-000052,2025-08-04 17:51:00.0,2025-08-07 16:12:00.0,"Peraton Corp., First Lien Term Loan","Peraton Corp., Second lien senior secured loan",peraton,peraton,debt,debt,term_loan,other_debt,first_lien,second_lien,UNKNOWN,UNKNOWN,UNKNOWN,UNKNOWN,0.0375,0.0775,0.04000000,,,,funded,funded,,,True,True,False,False,,,False,,True,facility_type|lien|spread_gt_100bp,2,same_borrower_different_facility,high,debt_equity_match|funded_status_match|conflict:facility_type|conflict:lien|conflict:spread_gt_100bp,20260813,True,same_borrower_different_facility,manual confirmation after identifier/evidence review,Codex manual review 2026-08-13
45ceccb4ea3a9ab04a7faeab,2025-09-30,2025Q3,4bac4e85be7775f789ecab20,a326a9305208da5fd880dc33,OCIC,NMFC,1812554,1496099,0001812554-25-000081,0001496099-25-000035,2025-11-06 16:05:00.0,2025-11-03 16:44:00.0,"Physician Partners, LLC, First lien senior secured loan 3","Physician Partners, LLC 2, First lien - Funded",physician partners,physician partners,debt,debt,other_debt,other_debt,first_lien,first_lien,UNKNOWN,UNKNOWN,UNKNOWN,UNKNOWN,0.0300,0.0150,0.01500000,,,,funded,funded,,,True,True,True,True,,,False,,True,spread_gt_100bp,4,same_borrower_different_facility,medium,debt_equity_match|facility_type_match|lien_match|funded_status_match|conflict:spread_gt_100bp,20260813,True,same_borrower_different_facility,manual confirmation after identifier/evidence review,Codex manual review 2026-08-13
4628daa0253ebbea90b3e96e,2025-06-30,2025Q2,8adf6bfd8a1ce03b407de184,de37520f259aeea169dfd12d,ARCC,ASIF,1287750,1918712,0001287750-25-000038,0001918712-25-000065,2025-07-28 21:23:00.0,2025-08-08 16:14:00.0,"Accession Risk Management Group, Inc. and RSC Insurance Brokerage, Inc., First lien senior secured loan 3","Accession Risk Management Group, Inc. and RSC Insurance Brokerage, Inc., First lien senior secured loan",accession risk management and rsc insurance brokerage,accession risk management and rsc insurance brokerage,debt,debt,other_debt,other_debt,first_lien,first_lien,UNKNOWN,UNKNOWN,UNKNOWN,UNKNOWN,0.0475,0.0475,0.00000000,,,,funded,funded,,,True,True,True,True,,,True,,True,,5,same_facility,high,debt_equity_match|facility_type_match|lien_match|spread_match_25bp|funded_status_match,20260813,True,same_facility,manual confirmation after identifier/evidence review,Codex manual review 2026-08-13
47241f3a6b04d9ae77f25a61,2025-06-30,2025Q2,6fcc7fdcec69dc1ede2751d0,b516d23b4f6d19e41b10e863,BCRED,HPS,1803498,1838126,0001803498-25-000062,0001838126-25-000055,2025-08-12 16:30:00.0,2025-08-13 17:03:00.0,"BP Purchaser, LLC","BP Purchaser, LLC",bp purchaser,bp purchaser,unknown,unknown,unknown,unknown,unknown,unknown,UNKNOWN,UNKNOWN,UNKNOWN,UNKNOWN,0.0550,0.0550,0.00000000,,,,funded,funded,,,True,,,,,,True,,True,,2,uncertain,low,spread_match_25bp|funded_status_match,20260813,True,uncertain,manual confirmation after identifier/evidence review,Codex manual review 2026-08-13
4a299542ecb3f7cd4be1597b,2025-06-30,2025Q2,a42e61918f47bb5589daa818,bb42cad7934e0367b0dbfb50,ASIF,ARCC,1918712,1287750,0001918712-25-000065,0001287750-25-000038,2025-08-08 16:14:00.0,2025-07-28 21:23:00.0,"North Haven Stack Buyer, LLC, First lien senior secured loan 4","North Haven Stack Buyer, LLC, First lien senior secured loan 3",north haven stack buyer,north haven stack buyer,debt,debt,other_debt,other_debt,first_lien,first_lien,UNKNOWN,UNKNOWN,UNKNOWN,UNKNOWN,0.0475,0.0475,0.00000000,,,,funded,funded,,,True,True,True,True,,,True,,True,,5,same_facility,high,debt_equity_match|facility_type_match|lien_match|spread_match_25bp|funded_status_match,20260813,True,same_facility,manual confirmation after identifier/evidence review,Codex manual review 2026-08-13
4be4053475f7fe9f245ac923,2025-09-30,2025Q3,1d96796ac9ec2ba81157594d,38aeb8d905b73198b9fcd7c6,BXSL,BCRED,1736035,1803498,0001736035-25-000021,0001803498-25-000081,2025-11-10 06:10:00.0,2025-11-13 16:37:00.0,Go Car Wash Management Corp. 1,Go Car Wash Management Corp.,go car wash management,go car wash management,unknown,unknown,unknown,unknown,unknown,unknown,UNKNOWN,UNKNOWN,UNKNOWN,UNKNOWN,0.0575,0.0575,0.00000000,,,,funded,funded,,,True,,,,,,True,,True,,2,uncertain,low,spread_match_25bp|funded_status_match,20260813,True,uncertain,manual confirmation after identifier/evidence review,Codex manual review 2026-08-13
523a0c4307b4f72a1bebc150,2025-06-30,2025Q2,ab9308da8d4399dae0b7a2f0,e8a94b1867ff7a3ae65bfedd,OCIC,OBDC,1812554,1655888,0001812554-25-000052,0001655888-25-000020,2025-08-07 16:12:00.0,2025-08-06 16:06:00.0,"Lightbeam Bidco, Inc. (dba Lazer Spot), First lien senior secured delayed draw term loan","Lightbeam Bidco, Inc. (dba Lazer Spot), First lien senior secured revolving loan",lightbeam bidco dba lazer spot,lightbeam bidco dba lazer spot,debt,debt,delayed_draw,revolver,first_lien,first_lien,UNKNOWN,UNKNOWN,UNKNOWN,UNKNOWN,0.0500,0.0500,0.00000000,,,,unknown,funded,,,True,True,False,True,,,True,,,facility_type,3,same_borrower_different_facility,high,debt_equity_match|lien_match|spread_match_25bp|conflict:facility_type,20260813,True,same_borrower_different_facility,manual confirmation after identifier/evidence review,Codex manual review 2026-08-13
55bfbd9122c3f75a35924fed,2025-06-30,2025Q2,b331165052780fa90bd16ee4,c7160ab6326052ad1f1ee148,OCIC,OBDC,1812554,1655888,0001812554-25-000052,0001655888-25-000020,2025-08-07 16:12:00.0,2025-08-06 16:06:00.0,"AmeriLife Holdings LLC, First lien senior secured revolving loan","AmeriLife Holdings LLC, First lien senior secured loan",amerilife,amerilife,debt,debt,revolver,other_debt,first_lien,first_lien,UNKNOWN,UNKNOWN,UNKNOWN,UNKNOWN,0.0475,0.0475,0.00000000,,,,funded,funded,,,True,True,False,True,,,True,,True,facility_type,4,same_borrower_different_facility,high,debt_equity_match|lien_match|spread_match_25bp|funded_status_match|conflict:facility_type,20260813,True,same_borrower_different_facility,manual confirmation after identifier/evidence review,Codex manual review 2026-08-13
57a61bb0489863cd48b300e5,2025-06-30,2025Q2,9c243d287d3d10db5cf5d1c7,dc978dc952fcb620db890462,OCIC,NMFC,1812554,1496099,0001812554-25-000052,0001496099-25-000027,2025-08-07 16:12:00.0,2025-08-04 16:49:00.0,"Nelipak Holding Company, First lien senior secured loan","Nelipak Holding Company, First lien 2",nelipak,nelipak,debt,debt,other_debt,other_debt,first_lien,first_lien,UNKNOWN,UNKNOWN,UNKNOWN,UNKNOWN,0.0550,0.0550,0.00000000,,,,funded,funded,,,True,True,True,True,,,True,,True,,5,same_facility,high,debt_equity_match|facility_type_match|lien_match|spread_match_25bp|funded_status_match,20260813,True,same_facility,manual confirmation after identifier/evidence review,Codex manual review 2026-08-13
587d30078ffea8387f947335,2025-06-30,2025Q2,17e388f061664335cbfa678e,4cea2fd715c9b0c7a8f942c1,ARCC,ASIF,1287750,1918712,0001287750-25-000038,0001918712-25-000065,2025-07-28 21:23:00.0,2025-08-08 16:14:00.0,"PCS MidCo, Inc. and PCS Parent, L.P., First lien senior secured loan","PCS MidCo, Inc. and PCS Parent, L.P., First lien senior secured loan",pcs midco and pcs parent,pcs midco and pcs parent,debt,debt,other_debt,other_debt,first_lien,first_lien,UNKNOWN,UNKNOWN,UNKNOWN,UNKNOWN,0.0575,0.0575,0.00000000,,,,funded,funded,,,True,True,True,True,,,True,,True,,5,same_facility,high,debt_equity_match|facility_type_match|lien_match|spread_match_25bp|funded_status_match,20260813,True,same_facility,manual confirmation after identifier/evidence review,Codex manual review 2026-08-13
59e9d3797d28172b28cd3668,2025-06-30,2025Q2,a8324ecc99d92266c8a2f87c,de31e0f3360f6ea097db5b46,ARCC,ASIF,1287750,1918712,0001287750-25-000038,0001918712-25-000065,2025-07-28 21:23:00.0,2025-08-08 16:14:00.0,"City Line Distributors LLC and City Line Investments LLC, First lien senior secured loan",City Line Distributors LLC and City Line Investments LLC,city line distributors and city line investments,city line distributors and city line investments,debt,unknown,other_debt,unknown,first_lien,unknown,UNKNOWN,UNKNOWN,UNKNOWN,UNKNOWN,0.0600,,,,,,funded,funded,,,True,,,,,,,,True,,1,uncertain,low,funded_status_match,20260813,True,uncertain,manual confirmation after identifier/evidence review,Codex manual review 2026-08-13
5bc017287df5e5d1957ef07d,2025-06-30,2025Q2,34637ecae439d6ac239a268f,9bafc5d28a261da6db9ac64f,OBDC,OCIC,1655888,1812554,0001655888-25-000020,0001812554-25-000052,2025-08-06 16:06:00.0,2025-08-07 16:12:00.0,"Evolution BuyerCo, Inc. (dba SIAA), First lien senior secured loan","Evolution BuyerCo, Inc. (dba SIAA), First lien senior secured delayed draw term loan",evolution buyerco dba siaa,evolution buyerco dba siaa,debt,debt,other_debt,delayed_draw,first_lien,first_lien,UNKNOWN,UNKNOWN,UNKNOWN,UNKNOWN,0.0475,0.0475,0.00000000,,,,funded,unknown,,,True,True,False,True,,,True,,,facility_type,3,same_borrower_different_facility,high,debt_equity_match|lien_match|spread_match_25bp|conflict:facility_type,20260813,True,same_borrower_different_facility,manual confirmation after identifier/evidence review,Codex manual review 2026-08-13
5c4b404e141a2e4796297eb8,2025-06-30,2025Q2,4deb3368201fa9c4fe7c4fc9,995485d2f84d28ded6fdb9ac,NMFC,OCIC,1496099,1812554,0001496099-25-000027,0001812554-25-000052,2025-08-04 16:49:00.0,2025-08-07 16:12:00.0,"Kaseya Inc., First lien - Funded","Kaseya Inc., Second lien senior secured loan",kaseya,kaseya,debt,debt,other_debt,other_debt,first_lien,second_lien,UNKNOWN,UNKNOWN,UNKNOWN,UNKNOWN,0.0325,0.0500,0.01750000,,,,funded,funded,,,True,True,True,False,,,False,,True,lien|spread_gt_100bp,3,same_borrower_different_facility,high,debt_equity_match|facility_type_match|funded_status_match|conflict:lien|conflict:spread_gt_100bp,20260813,True,same_borrower_different_facility,manual confirmation after identifier/evidence review,Codex manual review 2026-08-13
5c52ff37ecc06075df93359a,2025-09-30,2025Q3,11100dfaf6c144c2ca044e87,883877ec8196674e6ebbb314,ASIF,ARCC,1918712,1287750,0001918712-25-000092,0001287750-25-000046,2025-11-14 16:22:00.0,2025-10-27 20:48:00.0,GTCR F Buyer Corp. and GTCR (D) Investors LP,"GTCR F Buyer Corp. and GTCR (D) Investors LP, First lien senior secured loan 1",gtcr f buyer and gtcr d investors,gtcr f buyer and gtcr d investors,unknown,debt,unknown,other_debt,unknown,first_lien,UNKNOWN,UNKNOWN,UNKNOWN,UNKNOWN,,0.0500,,,,,funded,funded,,,True,,,,,,,,True,,1,uncertain,low,funded_status_match,20260813,True,uncertain,manual confirmation after identifier/evidence review,Codex manual review 2026-08-13
5ead9e39c9defd86efb18f76,2025-06-30,2025Q2,44de220a477f44e9b2b5e055,6d36fa056f120fccb7f9f838,OCSL,NMFC,1414932,1496099,0001414932-25-000016,0001496099-25-000027,2025-08-04 17:51:00.0,2025-08-04 16:49:00.0,"Peraton Corp., First Lien Term Loan","Peraton Corp., First lien - Funded",peraton,peraton,debt,debt,term_loan,other_debt,first_lien,first_lien,UNKNOWN,UNKNOWN,UNKNOWN,UNKNOWN,0.0375,0.0375,0.00000000,,,,funded,funded,,,True,True,False,True,,,True,,True,facility_type,4,same_borrower_different_facility,high,debt_equity_match|lien_match|spread_match_25bp|funded_status_match|conflict:facility_type,20260813,True,same_borrower_different_facility,manual confirmation after identifier/evidence review,Codex manual review 2026-08-13
5ee77547a40a47da265d796f,2025-09-30,2025Q3,1f8a58fadb4e6ae950bffe46,8d9c04d703c727c3684e1d77,BCRED,NMFC,1803498,1496099,0001803498-25-000081,0001496099-25-000035,2025-11-13 16:37:00.0,2025-11-03 16:44:00.0,"MRI Software, LLC 1","MRI Software LLC, First lien 2",mri software,mri software,unknown,debt,unknown,other_debt,unknown,first_lien,UNKNOWN,UNKNOWN,UNKNOWN,UNKNOWN,0.0475,0.0475,0.00000000,,,,funded,funded,,,True,,,,,,True,,True,,2,uncertain,low,spread_match_25bp|funded_status_match,20260813,True,uncertain,manual confirmation after identifier/evidence review,Codex manual review 2026-08-13
5f659f4f64dd3b2fae4be44f,2025-06-30,2025Q2,c9fad5e38e6f7884f4026206,e530667378e029c308df91a7,OBDC,ARCC,1655888,1287750,0001655888-25-000020,0001287750-25-000038,2025-08-06 16:06:00.0,2025-07-28 21:23:00.0,"Galway Borrower LLC, First lien senior secured delayed draw term loan","Galway Borrower LLC, First lien senior secured revolving loan",galway borrower,galway borrower,debt,debt,delayed_draw,revolver,first_lien,first_lien,UNKNOWN,UNKNOWN,UNKNOWN,UNKNOWN,0.0450,0.0450,0.00000000,,,,unknown,funded,,,True,True,False,True,,,True,,,facility_type,3,same_borrower_different_facility,high,debt_equity_match|lien_match|spread_match_25bp|conflict:facility_type,20260813,True,same_borrower_different_facility,manual confirmation after identifier/evidence review,Codex manual review 2026-08-13
5fb0b83a127e93b502108937,2025-09-30,2025Q3,18b56e3b5f90ff25ca1f4968,75010287adda0f53564dbfbf,HPS,BCRED,1838126,1803498,0001838126-25-000073,0001803498-25-000081,2025-11-14 13:58:00.0,2025-11-13 16:37:00.0,123Dentist Inc 1,"123Dentist, Inc. 1",123dentist,123dentist,unknown,unknown,unknown,unknown,unknown,unknown,UNKNOWN,UNKNOWN,UNKNOWN,UNKNOWN,0.0500,0.0500,0.00000000,,,,funded,funded,,,True,,,,,,True,,True,,2,uncertain,low,spread_match_25bp|funded_status_match,20260813,True,uncertain,manual confirmation after identifier/evidence review,Codex manual review 2026-08-13
5fd180ee3a09fd20dcfef507,2025-06-30,2025Q2,08dc1ab5ded1eeba50b109ba,b2896df6fd0a3b7e73c89e6c,OBDC,OCIC,1655888,1812554,0001655888-25-000020,0001812554-25-000052,2025-08-06 16:06:00.0,2025-08-07 16:12:00.0,"Diamondback Acquisition, Inc. (dba Sphera), First lien senior secured loan","Diamondback Acquisition, Inc. (dba Sphera), First lien senior secured loan",diamondback acquisition dba sphera,diamondback acquisition dba sphera,debt,debt,other_debt,other_debt,first_lien,first_lien,UNKNOWN,UNKNOWN,UNKNOWN,UNKNOWN,0.0550,0.0550,0.00000000,,,,funded,funded,,,True,True,True,True,,,True,,True,,5,same_facility,high,debt_equity_match|facility_type_match|lien_match|spread_match_25bp|funded_status_match,20260813,True,same_facility,manual confirmation after identifier/evidence review,Codex manual review 2026-08-13
62a2e423255bfcc92306fd3b,2025-09-30,2025Q3,122d32bfec0c79ee730842e7,16bd82852f0e20dbacd1f62e,OCIC,OBDC,1812554,1655888,0001812554-25-000081,0001655888-25-000024,2025-11-06 16:05:00.0,2025-11-05 16:36:00.0,"Brightway Holdings, LLC, First lien senior secured revolving loan","Brightway Holdings, LLC, First lien senior secured loan",brightway,brightway,debt,debt,revolver,other_debt,first_lien,first_lien,UNKNOWN,UNKNOWN,UNKNOWN,UNKNOWN,0.0575,0.0575,0.00000000,,,,funded,funded,,,True,True,False,True,,,True,,True,facility_type,4,same_borrower_different_facility,high,debt_equity_match|lien_match|spread_match_25bp|funded_status_match|conflict:facility_type,20260813,True,same_borrower_different_facility,manual confirmation after identifier/evidence review,Codex manual review 2026-08-13
63b30bbac6e6350c3d9d6137,2025-06-30,2025Q2,7a1c12105c9dd46da0a61ab4,870c56b5185ac5df12f0649b,ASIF,ARCC,1918712,1287750,0001918712-25-000065,0001287750-25-000038,2025-08-08 16:14:00.0,2025-07-28 21:23:00.0,"North Star Acquisitionco, LLC and Toucan Bidco Limited, First lien senior secured loan 2","North Star Acquisitionco, LLC and Toucan Bidco Limited, First lien senior secured loan 5",north star acquisitionco and toucan bidco,north star acquisitionco and toucan bidco,debt,debt,other_debt,other_debt,first_lien,first_lien,UNKNOWN,UNKNOWN,UNKNOWN,UNKNOWN,0.0450,0.0450,0.00000000,,,,funded,funded,,,True,True,True,True,,,True,,True,,5,same_facility,high,debt_equity_match|facility_type_match|lien_match|spread_match_25bp|funded_status_match,20260813,True,same_facility,manual confirmation after identifier/evidence review,Codex manual review 2026-08-13
68eeb29152a4decd04b6e686,2025-09-30,2025Q3,01367df3860e9659b8c1635a,8760a707053eaf469002355d,BCRED,BXSL,1803498,1736035,0001803498-25-000081,0001736035-25-000021,2025-11-13 16:37:00.0,2025-11-10 06:10:00.0,"Denali Bidco, Ltd. 1","Denali Bidco, Ltd. 4",denali bidco,denali bidco,unknown,unknown,unknown,unknown,unknown,unknown,UNKNOWN,UNKNOWN,UNKNOWN,UNKNOWN,0.0500,0.0980,0.04800000,,,,funded,funded,,,True,,,,,,False,,True,spread_gt_100bp,1,same_borrower_different_facility,medium,funded_status_match|conflict:spread_gt_100bp,20260813,True,same_borrower_different_facility,manual confirmation after identifier/evidence review,Codex manual review 2026-08-13
6943621d06f9b2c8ceb8242f,2025-06-30,2025Q2,2cadb4dc3532ead615a4d3c7,a4b24b0e26d6adb717d39982,OCIC,OBDC,1812554,1655888,0001812554-25-000052,0001655888-25-000020,2025-08-07 16:12:00.0,2025-08-06 16:06:00.0,"Fortis Solutions Group, LLC, First lien senior secured revolving loan","Fortis Solutions Group, LLC, First lien senior secured revolving loan",fortis solutions,fortis solutions,debt,debt,revolver,revolver,first_lien,first_lien,UNKNOWN,UNKNOWN,UNKNOWN,UNKNOWN,0.0550,0.0550,0.00000000,,,,funded,funded,,,True,True,True,True,,,True,,True,,5,same_facility,high,debt_equity_match|facility_type_match|lien_match|spread_match_25bp|funded_status_match,20260813,True,same_facility,manual confirmation after identifier/evidence review,Codex manual review 2026-08-13
69bd659dbcd062c7d48c575e,2025-06-30,2025Q2,5041a10118f6b580f7e7f572,e203ba8e02bf2b260493e5e2,OBDC,OCIC,1655888,1812554,0001655888-25-000020,0001812554-25-000052,2025-08-06 16:06:00.0,2025-08-07 16:12:00.0,"Bayshore Intermediate #2, L.P. (dba Boomi), First lien senior secured loan","Bayshore Intermediate #2, L.P. (dba Boomi), First lien senior secured loan",bayshore intermediate dba boomi,bayshore intermediate dba boomi,debt,debt,other_debt,other_debt,first_lien,first_lien,UNKNOWN,UNKNOWN,UNKNOWN,UNKNOWN,0.0288,0.0288,0.00000000,,,,funded,funded,,,True,True,True,True,,,True,,True,,5,same_facility,high,debt_equity_match|facility_type_match|lien_match|spread_match_25bp|funded_status_match,20260813,True,same_facility,manual confirmation after identifier/evidence review,Codex manual review 2026-08-13
6abfd65f229a0969040764a3,2025-09-30,2025Q3,6d3bcaa8b59d316e006bd7d8,9b427b2c46b503edc06e2bf3,BCRED,ARCC,1803498,1287750,0001803498-25-000081,0001287750-25-000046,2025-11-13 16:37:00.0,2025-10-27 20:48:00.0,IQN Holding Corp. 3,"IQN Holding Corp., First lien senior secured revolving loan",iqn,iqn,unknown,debt,unknown,revolver,unknown,first_lien,UNKNOWN,UNKNOWN,UNKNOWN,UNKNOWN,0.0575,0.0525,0.00500000,,,,funded,funded,,,True,,,,,,False,,True,,1,unrelated,high,funded_status_match,20260813,True,same_borrower_different_facility,manual override after identifier/evidence review; insufficient exact-facility evidence,Codex manual review 2026-08-13
6b6387a6a0729f274ad8e24a,2025-09-30,2025Q3,478e3ebd6d511f58433c3595,baf8baae28f1f9c4fa6b2359,OCSL,ASIF,1414932,1918712,0001414932-25-000022,0001918712-25-000092,2025-11-17 18:00:00.0,2025-11-14 16:22:00.0,"LABL, Inc., First Lien Term Loan","LABL, Inc., First lien senior secured loan",labl,labl,debt,debt,term_loan,other_debt,first_lien,first_lien,UNKNOWN,UNKNOWN,UNKNOWN,UNKNOWN,0.0500,0.0500,0.00000000,,,,funded,funded,,,True,True,False,True,,,True,,True,facility_type,4,same_borrower_different_facility,high,debt_equity_match|lien_match|spread_match_25bp|funded_status_match|conflict:facility_type,20260813,True,same_borrower_different_facility,manual confirmation after identifier/evidence review,Codex manual review 2026-08-13
6d4cc23e89fb3307a9ad9213,2025-06-30,2025Q2,04078eeb5236d2d12eccd410,e35e0188ec349ad44cc891ed,OCIC,ARCC,1812554,1287750,0001812554-25-000052,0001287750-25-000038,2025-08-07 16:12:00.0,2025-07-28 21:23:00.0,"Databricks, Inc., First lien senior secured loan","Databricks, Inc., First lien senior secured loan",databricks,databricks,debt,debt,other_debt,other_debt,first_lien,first_lien,UNKNOWN,UNKNOWN,UNKNOWN,UNKNOWN,0.0450,0.0450,0.00000000,,,,funded,funded,,,True,True,True,True,,,True,,True,,5,same_facility,high,debt_equity_match|facility_type_match|lien_match|spread_match_25bp|funded_status_match,20260813,True,same_facility,manual confirmation after identifier/evidence review,Codex manual review 2026-08-13
6ebb9408ea62a1ae4086739d,2025-06-30,2025Q2,9f505f76bdf3409e0d911027,ab53d3a0f4353af1a4e14ca0,BBDC,ARCC,1379785,1287750,0001379785-25-000035,0001287750-25-000038,2025-08-07 16:21:00.0,2025-07-28 21:23:00.0,"Next Holdco, LLC, First Lien Senior Secured Term Loan","Next Holdco, LLC, First lien senior secured loan",next holdco,next holdco,debt,debt,term_loan,other_debt,first_lien,first_lien,UNKNOWN,UNKNOWN,UNKNOWN,UNKNOWN,0.0525,0.0525,0.00000000,,,,funded,funded,,,True,True,False,True,,,True,,True,facility_type,4,same_borrower_different_facility,high,debt_equity_match|lien_match|spread_match_25bp|funded_status_match|conflict:facility_type,20260813,True,same_borrower_different_facility,manual confirmation after identifier/evidence review,Codex manual review 2026-08-13
735bc9b59d7655b5e2362b5f,2025-09-30,2025Q3,aeff217539a04511d79721e0,bb49149f5a7caa612cd974a2,BXSL,HPS,1736035,1838126,0001736035-25-000021,0001838126-25-000073,2025-11-10 06:10:00.0,2025-11-14 13:58:00.0,"Elements Finco, Ltd. 4",Elements Finco Limited 2,elements finco,elements finco,unknown,unknown,unknown,unknown,unknown,unknown,UNKNOWN,UNKNOWN,UNKNOWN,UNKNOWN,0.0550,0.0525,0.00250000,,,,funded,funded,,,True,,,,,,False,,True,,1,uncertain,low,funded_status_match,20260813,True,uncertain,manual confirmation after identifier/evidence review,Codex manual review 2026-08-13
73a244f5a1c13aecf736014f,2025-09-30,2025Q3,51f9f6969cbd4af7630e80ac,d7c913df246ef67cc4f4881d,OBDC,OCIC,1655888,1812554,0001655888-25-000024,0001812554-25-000081,2025-11-05 16:36:00.0,2025-11-06 16:05:00.0,"Park Place Technologies, LLC, First lien senior secured loan","Park Place Technologies, LLC, First lien senior secured revolving loan",park place technologies,park place technologies,debt,debt,other_debt,revolver,first_lien,first_lien,UNKNOWN,UNKNOWN,UNKNOWN,UNKNOWN,0.0525,0.0525,0.00000000,,,,funded,funded,,,True,True,False,True,,,True,,True,facility_type,4,same_borrower_different_facility,high,debt_equity_match|lien_match|spread_match_25bp|funded_status_match|conflict:facility_type,20260813,True,same_borrower_different_facility,manual confirmation after identifier/evidence review,Codex manual review 2026-08-13
757cf025264dcb5cb728a145,2025-06-30,2025Q2,ba0c40d61b43ffade9d08e04,ebf3ca1ae1b78ea85605ce04,BXSL,HPS,1736035,1838126,0001736035-25-000018,0001838126-25-000055,2025-08-06 06:10:00.0,2025-08-13 17:03:00.0,"Tango Bidco, SAS 1",Tango Bidco SAS 2,tango bidco sas,tango bidco sas,unknown,unknown,unknown,unknown,unknown,unknown,UNKNOWN,UNKNOWN,UNKNOWN,UNKNOWN,0.0500,,,,,,funded,funded,,,True,,,,,,,,True,,1,uncertain,low,funded_status_match,20260813,True,uncertain,manual confirmation after identifier/evidence review,Codex manual review 2026-08-13
75cab2c706b566acb48949f7,2025-09-30,2025Q3,67df160dedac6e94d5464f05,e0d5d89f512a9e98acc82263,ASIF,ARCC,1918712,1287750,0001918712-25-000092,0001287750-25-000046,2025-11-14 16:22:00.0,2025-10-27 20:48:00.0,"Helios Service Partners, LLC and Astra Service Partners, LLC, First lien senior secured loan","Helios Service Partners, LLC and Astra Service Partners, LLC, First lien senior secured revolving loan",helios service partners and astra service partners,helios service partners and astra service partners,debt,debt,other_debt,revolver,first_lien,first_lien,UNKNOWN,UNKNOWN,UNKNOWN,UNKNOWN,0.0500,0.0500,0.00000000,,,,funded,funded,,,True,True,False,True,,,True,,True,facility_type,4,same_borrower_different_facility,high,debt_equity_match|lien_match|spread_match_25bp|funded_status_match|conflict:facility_type,20260813,True,same_borrower_different_facility,manual confirmation after identifier/evidence review,Codex manual review 2026-08-13
761de2d62600061ab7adc260,2025-06-30,2025Q2,16a9c6b7d5b2dd0addc31368,7d82c976b1153e3684ce7423,OCIC,NMFC,1812554,1496099,0001812554-25-000052,0001496099-25-000027,2025-08-07 16:12:00.0,2025-08-04 16:49:00.0,"Physician Partners, LLC, First lien senior secured loan 2","Physician Partners, LLC 2, First lien - Funded",physician partners,physician partners,debt,debt,other_debt,other_debt,first_lien,first_lien,UNKNOWN,UNKNOWN,UNKNOWN,UNKNOWN,0.0150,0.0150,0.00000000,,,,funded,funded,,,True,True,True,True,,,True,,True,,5,same_facility,high,debt_equity_match|facility_type_match|lien_match|spread_match_25bp|funded_status_match,20260813,True,same_facility,manual confirmation after identifier/evidence review,Codex manual review 2026-08-13
7720ff9a317a5ff3115c29dc,2025-06-30,2025Q2,7d1aa76fc88f25b01690faa1,f109fa9e6caa1b02873df5b5,HPS,BCRED,1838126,1803498,0001838126-25-000055,0001803498-25-000062,2025-08-13 17:03:00.0,2025-08-12 16:30:00.0,Elements Finco Limited 1,"Elements Finco, Ltd. 3",elements finco,elements finco,unknown,unknown,unknown,unknown,unknown,unknown,UNKNOWN,UNKNOWN,UNKNOWN,UNKNOWN,0.0525,0.0500,0.00250000,,,,funded,funded,,,True,,,,,,True,,True,,2,uncertain,low,spread_match_25bp|funded_status_match,20260813,True,uncertain,manual confirmation after identifier/evidence review,Codex manual review 2026-08-13
7a0579a36dc6480b80f5e11e,2025-06-30,2025Q2,06e3b9082a6ae18221b69468,3fec19e532d2e378a6ac0e50,ASIF,ARCC,1918712,1287750,0001918712-25-000065,0001287750-25-000038,2025-08-08 16:14:00.0,2025-07-28 21:23:00.0,"Wellington-Altus Financial Inc., First lien senior secured loan","Wellington-Altus Financial Inc., First lien senior secured revolving loan",wellington altus financial,wellington altus financial,debt,debt,other_debt,revolver,first_lien,first_lien,UNKNOWN,UNKNOWN,UNKNOWN,UNKNOWN,0.0500,,,,,,funded,funded,,,True,True,False,True,,,,,True,facility_type,3,same_borrower_different_facility,high,debt_equity_match|lien_match|funded_status_match|conflict:facility_type,20260813,True,same_borrower_different_facility,manual confirmation after identifier/evidence review,Codex manual review 2026-08-13
7a4a47c3ca9fe958d4b66ff7,2025-09-30,2025Q3,7d1932cc46b890418b2f7805,f255c50c1d3f5ed803d7e59a,BCRED,BXSL,1803498,1736035,0001803498-25-000081,0001736035-25-000021,2025-11-13 16:37:00.0,2025-11-10 06:10:00.0,"Roadsafe Holdings, Inc. 4","Roadsafe Holdings, Inc. 1",roadsafe,roadsafe,unknown,unknown,unknown,unknown,unknown,unknown,UNKNOWN,UNKNOWN,UNKNOWN,UNKNOWN,0.0475,0.0575,0.01000000,,,,funded,funded,,,True,,,,,,False,,True,spread_gt_100bp,1,same_borrower_different_facility,medium,funded_status_match|conflict:spread_gt_100bp,20260813,True,same_borrower_different_facility,manual confirmation after identifier/evidence review,Codex manual review 2026-08-13
7a9881ed243bc26a217e01f0,2025-06-30,2025Q2,05d6ced98bd6d49d376d01fe,9cf19d43885396d5bea6f621,ARCC,ASIF,1287750,1918712,0001287750-25-000038,0001918712-25-000065,2025-07-28 21:23:00.0,2025-08-08 16:14:00.0,"HuFriedy Group Acquisition LLC, First lien senior secured revolving loan","HuFriedy Group Acquisition LLC, First lien senior secured loan",hufriedy acquisition,hufriedy acquisition,debt,debt,revolver,other_debt,first_lien,first_lien,UNKNOWN,UNKNOWN,UNKNOWN,UNKNOWN,0.0550,0.0550,0.00000000,,,,funded,funded,,,True,True,False,True,,,True,,True,facility_type,4,same_borrower_different_facility,high,debt_equity_match|lien_match|spread_match_25bp|funded_status_match|conflict:facility_type,20260813,True,same_borrower_different_facility,manual confirmation after identifier/evidence review,Codex manual review 2026-08-13
7b50faafaed465812421b5cd,2025-06-30,2025Q2,11e36862f11f9415c04b0129,4783868d032f38d93ee9e6db,ARCC,ASIF,1287750,1918712,0001287750-25-000038,0001918712-25-000065,2025-07-28 21:23:00.0,2025-08-08 16:14:00.0,"Paris US Holdco, Inc. & 1001028292 Ontario Inc., First lien senior secured revolving loan","Paris US Holdco, Inc. & 1001028292 Ontario Inc., First lien senior secured revolving loan 1",paris us holdco and ontario,paris us holdco and ontario,debt,debt,revolver,revolver,first_lien,first_lien,UNKNOWN,UNKNOWN,UNKNOWN,UNKNOWN,0.0475,0.0475,0.00000000,,,,funded,funded,,,True,True,True,True,,,True,,True,,5,same_facility,high,debt_equity_match|facility_type_match|lien_match|spread_match_25bp|funded_status_match,20260813,True,same_facility,manual confirmation after identifier/evidence review,Codex manual review 2026-08-13
7b852baa4440a903ed16b907,2025-06-30,2025Q2,455b5b0fb7f288e9ea51e436,8e3096b925ea84e461f65372,OCSL,ASIF,1414932,1918712,0001414932-25-000016,0001918712-25-000065,2025-08-04 17:51:00.0,2025-08-08 16:14:00.0,"Crown Subsea Communications Holding, Inc., First Lien Term Loan","Crown Subsea Communications Holding, Inc., First lien senior secured loan",crown subsea communications,crown subsea communications,debt,debt,term_loan,other_debt,first_lien,first_lien,UNKNOWN,UNKNOWN,UNKNOWN,UNKNOWN,0.0400,0.0400,0.00000000,,,,funded,funded,,,True,True,False,True,,,True,,True,facility_type,4,same_borrower_different_facility,high,debt_equity_match|lien_match|spread_match_25bp|funded_status_match|conflict:facility_type,20260813,True,same_borrower_different_facility,manual confirmation after identifier/evidence review,Codex manual review 2026-08-13
7cc982776c4dff5d69595efc,2025-09-30,2025Q3,41accd9a71b38207922e0c78,cea3452f2f66dc2db72c3ba0,ARCC,ASIF,1287750,1918712,0001287750-25-000046,0001918712-25-000092,2025-10-27 20:48:00.0,2025-11-14 16:22:00.0,Transit Technologies LLC,"Transit Technologies LLC, First lien senior secured revolving loan",transit technologies,transit technologies,unknown,debt,unknown,revolver,unknown,first_lien,UNKNOWN,UNKNOWN,UNKNOWN,UNKNOWN,,,,,,,funded,funded,,,True,,,,,,,,True,,1,uncertain,low,funded_status_match,20260813,True,uncertain,manual confirmation after identifier/evidence review,Codex manual review 2026-08-13
7deedcd4a82f792ecf11cc55,2025-06-30,2025Q2,60fc5c43e0b435cf90dac534,d812e57f65610ca8a01fe931,HPS,BCRED,1838126,1803498,0001838126-25-000055,0001803498-25-000062,2025-08-13 17:03:00.0,2025-08-12 16:30:00.0,Mckissock Investment Holdings LLC 3,"Mckissock Investment Holdings, LLC 1",mckissock investment,mckissock investment,unknown,unknown,unknown,unknown,unknown,unknown,UNKNOWN,UNKNOWN,UNKNOWN,UNKNOWN,0.0500,0.0500,0.00000000,,,,funded,funded,,,True,,,,,,True,,True,,2,uncertain,low,spread_match_25bp|funded_status_match,20260813,True,uncertain,manual confirmation after identifier/evidence review,Codex manual review 2026-08-13
7e0d9742015d8f69c4a865d3,2025-06-30,2025Q2,305a2d8e67ca1d5d696b55cc,c67892ae0f0a228158bb08bd,ARCC,ASIF,1287750,1918712,0001287750-25-000038,0001918712-25-000065,2025-07-28 21:23:00.0,2025-08-08 16:14:00.0,"Wellington Bidco Inc. and Wellington TopCo LP, First lien senior secured loan","Wellington Bidco Inc. and Wellington TopCo LP, First lien senior secured revolving loan",wellington bidco and wellington topco,wellington bidco and wellington topco,debt,debt,other_debt,revolver,first_lien,first_lien,UNKNOWN,UNKNOWN,UNKNOWN,UNKNOWN,0.0475,0.0475,0.00000000,,,,funded,funded,,,True,True,False,True,,,True,,True,facility_type,4,same_borrower_different_facility,high,debt_equity_match|lien_match|spread_match_25bp|funded_status_match|conflict:facility_type,20260813,True,same_borrower_different_facility,manual confirmation after identifier/evidence review,Codex manual review 2026-08-13
7ec656fc06540b451e732619,2025-06-30,2025Q2,152194da6ed4ec824b3f656a,6a1cc7021277f4ac10350600,BBDC,GBDC,1379785,1476765,0001379785-25-000035,0001476765-25-000076,2025-08-07 16:21:00.0,2025-08-04 16:08:00.0,"Heartland Veterinary Partners, LLC, Subordinated Term Loan","Heartland Veterinary Partners LLC, Senior secured 1",heartland veterinary partners,heartland veterinary partners,debt,debt,term_loan,other_debt,subordinated,secured_unspecified,UNKNOWN,UNKNOWN,UNKNOWN,UNKNOWN,,0.0475,,,,,funded,funded,,,True,True,False,False,,,,,True,facility_type|lien,2,same_borrower_different_facility,high,debt_equity_match|funded_status_match|conflict:facility_type|conflict:lien,20260813,True,same_borrower_different_facility,manual confirmation after identifier/evidence review,Codex manual review 2026-08-13
7ed5b5be7ca529d59b071605,2025-06-30,2025Q2,c5f45a3321291ac4158da294,dcede429985c2e376770ba49,OBDC,OCIC,1655888,1812554,0001655888-25-000020,0001812554-25-000052,2025-08-06 16:06:00.0,2025-08-07 16:12:00.0,"AmeriLife Holdings LLC, First lien senior secured revolving loan","AmeriLife Holdings LLC, First lien senior secured delayed draw term loan",amerilife,amerilife,debt,debt,revolver,delayed_draw,first_lien,first_lien,UNKNOWN,UNKNOWN,UNKNOWN,UNKNOWN,0.0475,0.0484,0.00090000,,,,funded,unknown,,,True,True,False,True,,,True,,,facility_type,3,same_borrower_different_facility,high,debt_equity_match|lien_match|spread_match_25bp|conflict:facility_type,20260813,True,same_borrower_different_facility,manual confirmation after identifier/evidence review,Codex manual review 2026-08-13
7f8c137f4b19c7e2d3cd3b86,2025-09-30,2025Q3,5b702bd9798847df9f658807,d664f6532ff526b4a520ba47,BCRED,HPS,1803498,1838126,0001803498-25-000081,0001838126-25-000073,2025-11-13 16:37:00.0,2025-11-14 13:58:00.0,"Dwyer Instruments, LLC 1",Dwyer Instruments Inc 1,dwyer instruments,dwyer instruments,unknown,unknown,unknown,unknown,unknown,unknown,UNKNOWN,UNKNOWN,UNKNOWN,UNKNOWN,0.0475,0.0475,0.00000000,,,,funded,funded,,,True,,,,,,True,,True,,2,uncertain,low,spread_match_25bp|funded_status_match,20260813,True,uncertain,manual confirmation after identifier/evidence review,Codex manual review 2026-08-13
8090cc37ce894d8163246c13,2025-09-30,2025Q3,221dfc2e2052bc91997b7ac0,93f49f2177c0027c1a964d45,BCRED,BXSL,1803498,1736035,0001803498-25-000081,0001736035-25-000021,2025-11-13 16:37:00.0,2025-11-10 06:10:00.0,"Spitfire Parent, Inc. 1","Spitfire Parent, Inc. 1",spitfire parent,spitfire parent,unknown,unknown,unknown,unknown,unknown,unknown,UNKNOWN,UNKNOWN,UNKNOWN,UNKNOWN,0.0550,0.0550,0.00000000,,,,funded,funded,,,True,,,,,,True,,True,,2,uncertain,low,spread_match_25bp|funded_status_match,20260813,True,uncertain,manual confirmation after identifier/evidence review,Codex manual review 2026-08-13
829d58831be0ac967462d5c0,2025-09-30,2025Q3,7a0013520c479eed617d4e1c,ea3fb1b5397fa9bd55af3a13,ASIF,ARCC,1918712,1287750,0001918712-25-000092,0001287750-25-000046,2025-11-14 16:22:00.0,2025-10-27 20:48:00.0,"15484880 Canada Inc. and 15484910 Canada Inc., First lien senior secured loan","15484880 Canada Inc. and 15484910 Canada Inc., First lien senior secured loan",canada and canada,canada and canada,debt,debt,other_debt,other_debt,first_lien,first_lien,UNKNOWN,UNKNOWN,UNKNOWN,UNKNOWN,0.0525,0.0525,0.00000000,,,,funded,funded,,,True,True,True,True,,,True,,True,,5,same_facility,high,debt_equity_match|facility_type_match|lien_match|spread_match_25bp|funded_status_match,20260813,True,same_facility,manual confirmation after identifier/evidence review,Codex manual review 2026-08-13
832eebc78e97c6615467718c,2025-06-30,2025Q2,a86419846cc6d7cd734c6d8f,d4e496af2e011fadb48a9b75,ASIF,OCIC,1918712,1812554,0001918712-25-000065,0001812554-25-000052,2025-08-08 16:14:00.0,2025-08-07 16:12:00.0,"PYE-Barker Fire & Safety, LLC","Pye-Barker Fire & Safety, LLC, First lien senior secured revolving loan",pye barker fire and safety,pye barker fire and safety,unknown,debt,unknown,revolver,unknown,first_lien,UNKNOWN,UNKNOWN,UNKNOWN,UNKNOWN,,0.0450,,,,,funded,funded,,,True,,,,,,,,True,,1,uncertain,low,funded_status_match,20260813,True,uncertain,manual confirmation after identifier/evidence review,Codex manual review 2026-08-13
84247d07c288b5f592330986,2025-09-30,2025Q3,9366e5b09a5c0ee07a813bad,975712cbb9c1661385d93223,OCIC,OBDC,1812554,1655888,0001812554-25-000081,0001655888-25-000024,2025-11-06 16:05:00.0,2025-11-05 16:36:00.0,"Lignetics Investment Corp., First lien senior secured revolving loan","Lignetics Investment Corp, First lien senior secured revolving loan",lignetics investment,lignetics investment,debt,debt,revolver,revolver,first_lien,first_lien,UNKNOWN,UNKNOWN,UNKNOWN,UNKNOWN,0.0575,0.0575,0.00000000,,,,funded,funded,,,True,True,True,True,,,True,,True,,5,same_facility,high,debt_equity_match|facility_type_match|lien_match|spread_match_25bp|funded_status_match,20260813,True,same_facility,manual confirmation after identifier/evidence review,Codex manual review 2026-08-13
8499824933e17b8b5d25f4d5,2025-09-30,2025Q3,6da2e21aa2259d39bf669ae0,a1fadff2b4f9da6576889e3b,NMFC,OCIC,1496099,1812554,0001496099-25-000035,0001812554-25-000081,2025-11-03 16:44:00.0,2025-11-06 16:05:00.0,"Zelis Cost Management Buyer, Inc., First lien - Funded","Zelis Cost Management Buyer, Inc., First lien senior secured loan 2",zelis cost management buyer,zelis cost management buyer,debt,debt,other_debt,other_debt,first_lien,first_lien,UNKNOWN,UNKNOWN,UNKNOWN,UNKNOWN,0.0325,0.0325,0.00000000,,,,funded,funded,,,True,True,True,True,,,True,,True,,5,same_facility,high,debt_equity_match|facility_type_match|lien_match|spread_match_25bp|funded_status_match,20260813,True,same_facility,manual confirmation after identifier/evidence review,Codex manual review 2026-08-13
8534a516955b380d0966c6da,2025-09-30,2025Q3,00a3d100c1a5fc20cec7d46f,8c44fa69f4ae0a97c7b88396,OCSL,NMFC,1414932,1496099,0001414932-25-000022,0001496099-25-000035,2025-11-17 18:00:00.0,2025-11-03 16:44:00.0,"Asurion, LLC, First Lien Term Loan 1","Asurion, LLC 2, First Lien - Funded",asurion,asurion,debt,debt,term_loan,other_debt,first_lien,first_lien,UNKNOWN,UNKNOWN,UNKNOWN,UNKNOWN,0.0425,0.0425,0.00000000,,,,funded,funded,,,True,True,False,True,,,True,,True,facility_type,4,same_borrower_different_facility,high,debt_equity_match|lien_match|spread_match_25bp|funded_status_match|conflict:facility_type,20260813,True,same_borrower_different_facility,manual confirmation after identifier/evidence review,Codex manual review 2026-08-13
862e462a0d5d6a4a5e2198a4,2025-06-30,2025Q2,9ca3d179235a49b5e9b938a2,ee2de2cf2da2016f132de4a2,ASIF,ARCC,1918712,1287750,0001918712-25-000065,0001287750-25-000038,2025-08-08 16:14:00.0,2025-07-28 21:23:00.0,"PCIA SPV-3, LLC and ASE Royal Aggregator, LLC, First lien senior secured loan","PCIA SPV-3, LLC and ASE Royal Aggregator, LLC, First lien senior secured loan",pcia spv and ase royal aggregator,pcia spv and ase royal aggregator,debt,debt,other_debt,other_debt,first_lien,first_lien,UNKNOWN,UNKNOWN,UNKNOWN,UNKNOWN,0.0525,0.0525,0.00000000,,,,funded,funded,,,True,True,True,True,,,True,,True,,5,same_facility,high,debt_equity_match|facility_type_match|lien_match|spread_match_25bp|funded_status_match,20260813,True,same_facility,manual confirmation after identifier/evidence review,Codex manual review 2026-08-13
88f4ecb77e17f918a4cf813e,2025-09-30,2025Q3,2f761aedd2101f1afec732e9,f9fcb4cd373b0671e86cd80d,OBDC,OCIC,1655888,1812554,0001655888-25-000024,0001812554-25-000081,2025-11-05 16:36:00.0,2025-11-06 16:05:00.0,"Evolution BuyerCo, Inc. (dba SIAA), First lien senior secured delayed draw term loan","Evolution BuyerCo, Inc. (dba SIAA), First lien senior secured loan",evolution buyerco dba siaa,evolution buyerco dba siaa,debt,debt,delayed_draw,other_debt,first_lien,first_lien,UNKNOWN,UNKNOWN,UNKNOWN,UNKNOWN,0.0475,0.0475,0.00000000,,,,unknown,funded,,,True,True,False,True,,,True,,,facility_type,3,same_borrower_different_facility,high,debt_equity_match|lien_match|spread_match_25bp|conflict:facility_type,20260813,True,same_borrower_different_facility,manual confirmation after identifier/evidence review,Codex manual review 2026-08-13
88f8a7ff1e961c11d146cbf7,2025-06-30,2025Q2,80ce571251537f289b683e4a,df5d245a87a70922005771e2,ASIF,OCSL,1918712,1414932,0001918712-25-000065,0001414932-25-000016,2025-08-08 16:14:00.0,2025-08-04 17:51:00.0,"Access CIG, LLC, First lien senior secured loan","Access CIG, LLC, First Lien Term Loan",access cig,access cig,debt,debt,other_debt,term_loan,first_lien,first_lien,UNKNOWN,UNKNOWN,UNKNOWN,UNKNOWN,0.0425,0.0425,0.00000000,,,,funded,funded,,,True,True,False,True,,,True,,True,facility_type,4,same_borrower_different_facility,high,debt_equity_match|lien_match|spread_match_25bp|funded_status_match|conflict:facility_type,20260813,True,same_borrower_different_facility,manual confirmation after identifier/evidence review,Codex manual review 2026-08-13
899007ac0fa86e8a56c3874c,2025-09-30,2025Q3,103b3105b5a22762cf3088a1,698863483cfe7e48ebf4bfe3,OCSL,OBDC,1414932,1655888,0001414932-25-000022,0001655888-25-000024,2025-11-17 18:00:00.0,2025-11-05 16:36:00.0,"Finastra USA, Inc., First Lien Term Loan","Finastra USA, Inc., First lien senior secured loan",finastra usa,finastra usa,debt,debt,term_loan,other_debt,first_lien,first_lien,UNKNOWN,UNKNOWN,UNKNOWN,UNKNOWN,0.0400,0.0725,0.03250000,,,,funded,funded,,,True,True,False,True,,,False,,True,facility_type|spread_gt_100bp,3,same_borrower_different_facility,high,debt_equity_match|lien_match|funded_status_match|conflict:facility_type|conflict:spread_gt_100bp,20260813,True,same_borrower_different_facility,manual confirmation after identifier/evidence review,Codex manual review 2026-08-13
8cb7e7680fa47d7bc4819b98,2025-09-30,2025Q3,8c843ac428277e9b92ef2671,e214e8f84bb9708cefbecfad,NMFC,HPS,1496099,1838126,0001496099-25-000035,0001838126-25-000073,2025-11-03 16:44:00.0,2025-11-14 13:58:00.0,"Associations, Inc., First lien",Associations Inc. 3,associations,associations,debt,unknown,other_debt,unknown,first_lien,unknown,UNKNOWN,UNKNOWN,UNKNOWN,UNKNOWN,0.0650,,,,,,funded,funded,,,True,,,,,,,,True,,1,uncertain,low,funded_status_match,20260813,True,uncertain,manual confirmation after identifier/evidence review,Codex manual review 2026-08-13
8ccba3ca17ba8c5708462276,2025-09-30,2025Q3,0c082f9c07786fc8bfecd9b4,f409a6c0f1b5a5051583a841,ASIF,ARCC,1918712,1287750,0001918712-25-000092,0001287750-25-000046,2025-11-14 16:22:00.0,2025-10-27 20:48:00.0,"PCS MidCo, Inc. and PCS Parent, L.P., First lien senior secured loan","PCS MidCo, Inc. and PCS Parent, L.P., First lien senior secured loan",pcs midco and pcs parent,pcs midco and pcs parent,debt,debt,other_debt,other_debt,first_lien,first_lien,UNKNOWN,UNKNOWN,UNKNOWN,UNKNOWN,0.0575,0.0575,0.00000000,,,,funded,funded,,,True,True,True,True,,,True,,True,,5,same_facility,high,debt_equity_match|facility_type_match|lien_match|spread_match_25bp|funded_status_match,20260813,True,same_facility,manual confirmation after identifier/evidence review,Codex manual review 2026-08-13
905ca768999a5b8baa2437b4,2025-06-30,2025Q2,7ed62ee426f380e844db620c,9a51fed057f4b81a94d501a5,BCRED,BXSL,1803498,1736035,0001803498-25-000062,0001736035-25-000018,2025-08-12 16:30:00.0,2025-08-06 06:10:00.0,"Discovery Education, Inc. 2","Discovery Education, Inc. 1",discovery education,discovery education,unknown,unknown,unknown,unknown,unknown,unknown,UNKNOWN,UNKNOWN,UNKNOWN,UNKNOWN,0.0575,0.0675,0.01000000,,,,funded,funded,,,True,,,,,,False,,True,spread_gt_100bp,1,same_borrower_different_facility,medium,funded_status_match|conflict:spread_gt_100bp,20260813,True,same_borrower_different_facility,manual confirmation after identifier/evidence review,Codex manual review 2026-08-13
90f4c6927081f7c5cbfa68fc,2025-09-30,2025Q3,144cf9c151edfd14e94b72cd,14e667070839bb0380f89011,ARCC,BXSL,1287750,1736035,0001287750-25-000046,0001736035-25-000021,2025-10-27 20:48:00.0,2025-11-10 06:10:00.0,"Galway Borrower LLC, First lien senior secured loan","Galway Borrower, LLC 3",galway borrower,galway borrower,debt,unknown,other_debt,unknown,first_lien,unknown,UNKNOWN,UNKNOWN,UNKNOWN,UNKNOWN,0.0450,0.0450,0.00000000,,,,funded,funded,,,True,,,,,,True,,True,,2,uncertain,low,spread_match_25bp|funded_status_match,20260813,True,uncertain,manual confirmation after identifier/evidence review,Codex manual review 2026-08-13
916c89d9a3e7232e5542a4b2,2025-09-30,2025Q3,283843631c8e5395178dd487,aa89a234e4efef1acbca5236,NMFC,BXSL,1496099,1736035,0001496099-25-000035,0001736035-25-000021,2025-11-03 16:44:00.0,2025-11-10 06:10:00.0,"RailPros Parent, LLC","RailPros Parent, LLC",railpros parent,railpros parent,debt,unknown,other_debt,unknown,unknown,unknown,UNKNOWN,UNKNOWN,UNKNOWN,UNKNOWN,,0.0450,,,,,unfunded,funded,,,True,,,,,,,,False,funded_status,0,same_borrower_different_facility,medium,conflict:funded_status,20260813,True,same_borrower_different_facility,manual confirmation after identifier/evidence review,Codex manual review 2026-08-13
92938e4bf74b08600fd4b63b,2025-06-30,2025Q2,49a4148e28e576650bff508c,4b5b9b1a00db55f0f7449c50,NMFC,OCSL,1496099,1414932,0001496099-25-000027,0001414932-25-000016,2025-08-04 16:49:00.0,2025-08-04 17:51:00.0,"Eagle Parent Corp., First Lien - Funded","Eagle Parent Corp., First Lien Term Loan",eagle parent,eagle parent,debt,debt,other_debt,term_loan,first_lien,first_lien,UNKNOWN,UNKNOWN,UNKNOWN,UNKNOWN,0.0425,0.0425,0.00000000,,,,funded,funded,,,True,True,False,True,,,True,,True,facility_type,4,same_borrower_different_facility,high,debt_equity_match|lien_match|spread_match_25bp|funded_status_match|conflict:facility_type,20260813,True,same_borrower_different_facility,manual confirmation after identifier/evidence review,Codex manual review 2026-08-13
9707ac5915d273d5be8dc1e5,2025-06-30,2025Q2,12f776af80a0c3bb18539784,3c36dbaa29ada2eeaca690a0,ARCC,BXSL,1287750,1736035,0001287750-25-000038,0001736035-25-000018,2025-07-28 21:23:00.0,2025-08-06 06:10:00.0,"IQN Holding Corp., First lien senior secured revolving loan",IQN Holding Corp. 1,iqn,iqn,debt,unknown,revolver,unknown,first_lien,unknown,UNKNOWN,UNKNOWN,UNKNOWN,UNKNOWN,0.0525,0.0575,0.00500000,,,,funded,funded,,,True,,,,,,False,,True,,1,unrelated,high,funded_status_match,20260813,True,same_borrower_different_facility,manual override after identifier/evidence review; insufficient exact-facility evidence,Codex manual review 2026-08-13
97122f98a1c78727645ce8b0,2025-06-30,2025Q2,6de56486323203ad09562a35,b5531f373ae50493640d72e5,ARCC,HPS,1287750,1838126,0001287750-25-000038,0001838126-25-000055,2025-07-28 21:23:00.0,2025-08-13 17:03:00.0,"Radwell Parent, LLC, First lien senior secured revolving loan","Radwell Parent, LLC 1",radwell parent,radwell parent,debt,unknown,revolver,unknown,first_lien,unknown,UNKNOWN,UNKNOWN,UNKNOWN,UNKNOWN,0.0450,0.0550,0.01000000,,,,funded,funded,,,True,,,,,,False,,True,spread_gt_100bp,1,same_borrower_different_facility,medium,funded_status_match|conflict:spread_gt_100bp,20260813,True,same_borrower_different_facility,manual confirmation after identifier/evidence review,Codex manual review 2026-08-13
99571e216d9c2c50ad73031e,2025-06-30,2025Q2,3292cb3734d9f2fe5864130f,855d185eda77c15195075217,NMFC,ARCC,1496099,1287750,0001496099-25-000027,0001287750-25-000038,2025-08-04 16:49:00.0,2025-07-28 21:23:00.0,"MRI Software LLC, First lien 3","MRI Software LLC, First lien senior secured loan 1",mri software,mri software,debt,debt,other_debt,other_debt,first_lien,first_lien,UNKNOWN,UNKNOWN,UNKNOWN,UNKNOWN,0.0475,0.0475,0.00000000,,,,funded,funded,,,True,True,True,True,,,True,,True,,5,same_facility,high,debt_equity_match|facility_type_match|lien_match|spread_match_25bp|funded_status_match,20260813,True,same_facility,manual confirmation after identifier/evidence review,Codex manual review 2026-08-13
9984a851fc0dd7fe885548ec,2025-09-30,2025Q3,9b21046c54d3b1c4c2b122b4,b43fdf9d439dd6797dbb86b4,ARCC,ASIF,1287750,1918712,0001287750-25-000046,0001918712-25-000092,2025-10-27 20:48:00.0,2025-11-14 16:22:00.0,"Shout! Factory, LLC First lien senior secured revolving loan","Shout! Factory, LLC, First lien senior secured loan",shout factory,shout factory,debt,debt,revolver,other_debt,first_lien,first_lien,UNKNOWN,UNKNOWN,UNKNOWN,UNKNOWN,0.0525,0.0525,0.00000000,,,,funded,funded,,,True,True,False,True,,,True,,True,facility_type,4,same_borrower_different_facility,high,debt_equity_match|lien_match|spread_match_25bp|funded_status_match|conflict:facility_type,20260813,True,same_borrower_different_facility,manual confirmation after identifier/evidence review,Codex manual review 2026-08-13
9b4e6ab63fe42a3c6c195797,2025-09-30,2025Q3,6065cdae56ea757db8f168d3,d7eaaaf8319aaa41ffa48540,ASIF,NMFC,1918712,1496099,0001918712-25-000092,0001496099-25-000035,2025-11-14 16:22:00.0,2025-11-03 16:44:00.0,"Viant Medical Holdings, Inc., First lien senior secured loan","Viant Medical Holdings, Inc., First lien - Funded",viant medical,viant medical,debt,debt,other_debt,other_debt,first_lien,first_lien,UNKNOWN,UNKNOWN,UNKNOWN,UNKNOWN,0.0400,0.0400,0.00000000,,,,funded,funded,,,True,True,True,True,,,True,,True,,5,same_facility,high,debt_equity_match|facility_type_match|lien_match|spread_match_25bp|funded_status_match,20260813,True,same_facility,manual confirmation after identifier/evidence review,Codex manual review 2026-08-13
9bc6bc86aac447bd0196b21d,2025-06-30,2025Q2,199ec14f116d0823b8841ac3,9de3353ac7bae101639af967,BCRED,HPS,1803498,1838126,0001803498-25-000062,0001838126-25-000055,2025-08-12 16:30:00.0,2025-08-13 17:03:00.0,"Oranje Holdco, Inc. 2","Oranje Holdco, Inc. 1",oranje holdco,oranje holdco,unknown,unknown,unknown,unknown,unknown,unknown,UNKNOWN,UNKNOWN,UNKNOWN,UNKNOWN,0.0775,,,,,,funded,funded,,,True,,,,,,,,True,,1,uncertain,low,funded_status_match,20260813,True,uncertain,manual confirmation after identifier/evidence review,Codex manual review 2026-08-13
9d50eece49eb7563b645593c,2025-09-30,2025Q3,991dda02c8017d26daa5759f,e7a9f93cca61a86ae2d374e2,BXSL,BCRED,1736035,1803498,0001736035-25-000021,0001803498-25-000081,2025-11-10 06:10:00.0,2025-11-13 16:37:00.0,Trinity Air Consultants Holdings Corp. 1,Trinity Air Consultants Holdings Corp. 1,trinity air consultants,trinity air consultants,unknown,unknown,unknown,unknown,unknown,unknown,UNKNOWN,UNKNOWN,UNKNOWN,UNKNOWN,0.0425,0.0425,0.00000000,,,,funded,funded,,,True,,,,,,True,,True,,2,uncertain,low,spread_match_25bp|funded_status_match,20260813,True,uncertain,manual confirmation after identifier/evidence review,Codex manual review 2026-08-13
9e3585d4b6098b4a4e370009,2025-06-30,2025Q2,2ea60a7918657699580be56d,ef72079f48ba5abf5385c7fd,ARCC,ASIF,1287750,1918712,0001287750-25-000038,0001918712-25-000065,2025-07-28 21:23:00.0,2025-08-08 16:14:00.0,"Internet Truckstop Group LLC, First lien senior secured loan","Internet Truckstop Group LLC, First lien senior secured loan",internet truckstop,internet truckstop,debt,debt,other_debt,other_debt,first_lien,first_lien,UNKNOWN,UNKNOWN,UNKNOWN,UNKNOWN,0.0525,0.0525,0.00000000,,,,funded,funded,,,True,True,True,True,,,True,,True,,5,same_facility,high,debt_equity_match|facility_type_match|lien_match|spread_match_25bp|funded_status_match,20260813,True,same_facility,manual confirmation after identifier/evidence review,Codex manual review 2026-08-13
9ec9c475a6bcab56c1ec778b,2025-06-30,2025Q2,4f72b3fadbc6e643742aa89a,9b092c8e404e02abc237ea75,ASIF,ARCC,1918712,1287750,0001918712-25-000065,0001287750-25-000038,2025-08-08 16:14:00.0,2025-07-28 21:23:00.0,"Airx Climate Solutions, Inc., First lien senior secured loan 1","Airx Climate Solutions, Inc., First lien senior secured loan",airx climate solutions,airx climate solutions,debt,debt,other_debt,other_debt,first_lien,first_lien,UNKNOWN,UNKNOWN,UNKNOWN,UNKNOWN,0.0575,0.0575,0.00000000,,,,funded,funded,,,True,True,True,True,,,True,,True,,5,same_facility,high,debt_equity_match|facility_type_match|lien_match|spread_match_25bp|funded_status_match,20260813,True,same_facility,manual confirmation after identifier/evidence review,Codex manual review 2026-08-13
a08d49603486739db2dfbe93,2025-06-30,2025Q2,0eed9dafab3b4a699ae0ddbc,4fc8043277d54ecdcc2d0bb0,ASIF,ARCC,1918712,1287750,0001918712-25-000065,0001287750-25-000038,2025-08-08 16:14:00.0,2025-07-28 21:23:00.0,"Vertex Service Partners, LLC and Vertex Service Partners Holdings, LLC, First lien senior secured loan 2","Vertex Service Partners, LLC and Vertex Service Partners Holdings, LLC, First lien senior secured loan 2",vertex service partners and vertex service partners,vertex service partners and vertex service partners,debt,debt,other_debt,other_debt,first_lien,first_lien,UNKNOWN,UNKNOWN,UNKNOWN,UNKNOWN,0.0525,0.0525,0.00000000,,,,funded,funded,,,True,True,True,True,,,True,,True,,5,same_facility,high,debt_equity_match|facility_type_match|lien_match|spread_match_25bp|funded_status_match,20260813,True,same_facility,manual confirmation after identifier/evidence review,Codex manual review 2026-08-13
a1fd6068c3b1ff65a6f918be,2025-09-30,2025Q3,079953ad9f4b285814f1cecf,ec4abafcca6aca5dfd525e68,OBDC,OCIC,1655888,1812554,0001655888-25-000024,0001812554-25-000081,2025-11-05 16:36:00.0,2025-11-06 16:05:00.0,"Pluralsight, LLC, First lien senior secured loan 1","Pluralsight, LLC, First lien senior secured loan 2",pluralsight,pluralsight,debt,debt,other_debt,other_debt,first_lien,first_lien,UNKNOWN,UNKNOWN,UNKNOWN,UNKNOWN,0.0300,0.0300,0.00000000,,,,funded,funded,,,True,True,True,True,,,True,,True,,5,same_facility,high,debt_equity_match|facility_type_match|lien_match|spread_match_25bp|funded_status_match,20260813,True,same_facility,manual confirmation after identifier/evidence review,Codex manual review 2026-08-13
a28ed9dbd2dc27763569502a,2025-06-30,2025Q2,a215aa6f0033e3e5f41853ce,ebbc1c418f89aecc253bacb1,ASIF,ARCC,1918712,1287750,0001918712-25-000065,0001287750-25-000038,2025-08-08 16:14:00.0,2025-07-28 21:23:00.0,"New ChurcHill HoldCo LLC and Victory Topco, LP, First lien senior secured loan","New ChurcHill HoldCo LLC and Victory Topco, LP, First lien senior secured loan",new churchill holdco and victory topco,new churchill holdco and victory topco,debt,debt,other_debt,other_debt,first_lien,first_lien,UNKNOWN,UNKNOWN,UNKNOWN,UNKNOWN,0.0550,0.0550,0.00000000,,,,funded,funded,,,True,True,True,True,,,True,,True,,5,same_facility,high,debt_equity_match|facility_type_match|lien_match|spread_match_25bp|funded_status_match,20260813,True,same_facility,manual confirmation after identifier/evidence review,Codex manual review 2026-08-13
a3f1199a3094e37226daa44e,2025-09-30,2025Q3,2c9acedf2975bc5310afc243,8c9e8be14cd273e0217cef3d,ASIF,ARCC,1918712,1287750,0001918712-25-000092,0001287750-25-000046,2025-11-14 16:22:00.0,2025-10-27 20:48:00.0,"Sport Maska Inc., First lien senior secured loan",Sport Maska Inc. First lien senior secured revolving loan 2,sport maska,sport maska,debt,debt,other_debt,revolver,first_lien,first_lien,UNKNOWN,UNKNOWN,UNKNOWN,UNKNOWN,0.0550,0.0525,0.00250000,,,,funded,funded,,,True,True,False,True,,,False,,True,facility_type,3,same_borrower_different_facility,high,debt_equity_match|lien_match|funded_status_match|conflict:facility_type,20260813,True,same_borrower_different_facility,manual confirmation after identifier/evidence review,Codex manual review 2026-08-13
a43470897bc90fe8cd2f9a74,2025-09-30,2025Q3,1c3dd7f0a9f23f365e6dca89,212760c1e00346a715728cd1,BXSL,BCRED,1736035,1803498,0001736035-25-000021,0001803498-25-000081,2025-11-10 06:10:00.0,2025-11-13 16:37:00.0,"RWL Holdings, LLC","RWL Holdings, LLC",rwl,rwl,unknown,unknown,unknown,unknown,unknown,unknown,UNKNOWN,UNKNOWN,UNKNOWN,UNKNOWN,0.0575,0.0575,0.00000000,,,,funded,funded,,,True,,,,,,True,,True,,2,unrelated,high,spread_match_25bp|funded_status_match,20260813,True,uncertain,manual override after identifier/evidence review; insufficient exact-facility evidence,Codex manual review 2026-08-13
a4c2beace9740be421ceb0df,2025-06-30,2025Q2,11ea8523965d5ad5f6fc55c3,bc32b95c6415e5a6f226553b,NMFC,OCIC,1496099,1812554,0001496099-25-000027,0001812554-25-000052,2025-08-04 16:49:00.0,2025-08-07 16:12:00.0,"Confluent Health, LLC, First lien - Funded","Confluent Health, LLC, First lien senior secured loan",confluent health,confluent health,debt,debt,other_debt,other_debt,first_lien,first_lien,UNKNOWN,UNKNOWN,UNKNOWN,UNKNOWN,0.0400,0.0500,0.01000000,,,,funded,funded,,,True,True,True,True,,,False,,True,spread_gt_100bp,4,same_borrower_different_facility,medium,debt_equity_match|facility_type_match|lien_match|funded_status_match|conflict:spread_gt_100bp,20260813,True,same_borrower_different_facility,manual confirmation after identifier/evidence review,Codex manual review 2026-08-13
a668b477036ad389ead60e1d,2025-06-30,2025Q2,bbf08f5c8c125c140ef6067d,d4cef0a9164e8759d183f1c7,ASIF,HPS,1918712,1838126,0001918712-25-000065,0001838126-25-000055,2025-08-08 16:14:00.0,2025-08-13 17:03:00.0,"Mitchell International, Inc.",Mitchell International Inc,mitchell international,mitchell international,unknown,unknown,unknown,unknown,unknown,unknown,UNKNOWN,UNKNOWN,UNKNOWN,UNKNOWN,,0.0325,,,,,funded,funded,,,True,,,,,,,,True,,1,uncertain,low,funded_status_match,20260813,True,uncertain,manual confirmation after identifier/evidence review,Codex manual review 2026-08-13
a7197c38fc3f801ab0c65710,2025-09-30,2025Q3,12d237d43df0869e47c83942,822b1240e03370fae3047bf6,NMFC,OCSL,1496099,1414932,0001496099-25-000035,0001414932-25-000022,2025-11-03 16:44:00.0,2025-11-17 18:00:00.0,"Boxer Parent Company Inc., First Lien - Funded","Boxer Parent Company Inc., First Lien Term Loan",boxer parent,boxer parent,debt,debt,other_debt,term_loan,first_lien,first_lien,UNKNOWN,UNKNOWN,UNKNOWN,UNKNOWN,0.0300,0.0300,0.00000000,,,,funded,funded,,,True,True,False,True,,,True,,True,facility_type,4,same_borrower_different_facility,high,debt_equity_match|lien_match|spread_match_25bp|funded_status_match|conflict:facility_type,20260813,True,same_borrower_different_facility,manual confirmation after identifier/evidence review,Codex manual review 2026-08-13
a86bd86057bbe0e0b9088884,2025-06-30,2025Q2,83533423e965693739aed4a2,c5ab5c43f4b2fd69022cb6e4,ARCC,HPS,1287750,1838126,0001287750-25-000038,0001838126-25-000055,2025-07-28 21:23:00.0,2025-08-13 17:03:00.0,"Spruce Bidco II Inc., First lien senior secured loan 2",Spruce Bidco II Inc. 4,spruce bidco ii,spruce bidco ii,debt,unknown,other_debt,unknown,first_lien,unknown,UNKNOWN,UNKNOWN,UNKNOWN,UNKNOWN,0.0525,0.0500,0.00250000,,,,funded,funded,,,True,,,,,,True,,True,,2,uncertain,low,spread_match_25bp|funded_status_match,20260813,True,uncertain,manual confirmation after identifier/evidence review,Codex manual review 2026-08-13
a92b8834194c4ad6453f09a9,2025-09-30,2025Q3,8714b1765a71d1d04fdd73d4,bbb00b55bd0281f26dc573ce,OCSL,BCRED,1414932,1803498,0001414932-25-000022,0001803498-25-000081,2025-11-17 18:00:00.0,2025-11-13 16:37:00.0,"Peraton Corp., First Lien Term Loan",Peraton Corp.,peraton,peraton,debt,unknown,term_loan,unknown,first_lien,unknown,UNKNOWN,UNKNOWN,UNKNOWN,UNKNOWN,0.0375,0.0775,0.04000000,,,,funded,funded,,,True,,,,,,False,,True,spread_gt_100bp,1,same_borrower_different_facility,medium,funded_status_match|conflict:spread_gt_100bp,20260813,True,same_borrower_different_facility,manual confirmation after identifier/evidence review,Codex manual review 2026-08-13
aa0f0f076b25a63ed1d63f18,2025-09-30,2025Q3,2a357808060127e76030de8b,de30b4e2447ea722d7377ad3,NMFC,BCRED,1496099,1803498,0001496099-25-000035,0001803498-25-000081,2025-11-03 16:44:00.0,2025-11-13 16:37:00.0,"Maverick Bidco Inc. 2, First Lien - Funded","Maverick Bidco, Inc. 6",maverick bidco,maverick bidco,debt,unknown,other_debt,unknown,first_lien,unknown,UNKNOWN,UNKNOWN,UNKNOWN,UNKNOWN,0.0375,0.0800,0.04250000,,,,funded,funded,,,True,,,,,,False,,True,spread_gt_100bp,1,same_borrower_different_facility,medium,funded_status_match|conflict:spread_gt_100bp,20260813,True,same_borrower_different_facility,manual confirmation after identifier/evidence review,Codex manual review 2026-08-13
abe31478311bb4efe4b8edb4,2025-06-30,2025Q2,57220d80fd4d8a6d5cf5f775,61e5659e5bd394736204854b,BXSL,BCRED,1736035,1803498,0001736035-25-000018,0001803498-25-000062,2025-08-06 06:10:00.0,2025-08-12 16:30:00.0,"IRI Group Holdings, Inc.","IRI Group Holdings, Inc.",iri,iri,unknown,unknown,unknown,unknown,unknown,unknown,UNKNOWN,UNKNOWN,UNKNOWN,UNKNOWN,0.0450,0.0450,0.00000000,,,,funded,funded,,,True,,,,,,True,,True,,2,unrelated,high,spread_match_25bp|funded_status_match,20260813,True,uncertain,manual override after identifier/evidence review; insufficient exact-facility evidence,Codex manual review 2026-08-13
adb365d7a52fbe6b47a77bc5,2025-06-30,2025Q2,214619f657fd7598f76d3431,ac8a69ab9650468f0fd6b562,GBDC,ARCC,1476765,1287750,0001476765-25-000076,0001287750-25-000038,2025-08-04 16:08:00.0,2025-07-28 21:23:00.0,"North Haven Stack Buyer, LLC, Second lien 1","North Haven Stack Buyer, LLC",north haven stack buyer,north haven stack buyer,debt,unknown,other_debt,unknown,second_lien,unknown,UNKNOWN,UNKNOWN,UNKNOWN,UNKNOWN,,,,,,,funded,funded,,,True,,,,,,,,True,,1,uncertain,low,funded_status_match,20260813,True,uncertain,manual confirmation after identifier/evidence review,Codex manual review 2026-08-13
ae66fc99986d937494fd4a2d,2025-06-30,2025Q2,1da07a2b7e693b4d509240be,231a6bfac79b701824c5af32,ASIF,ARCC,1918712,1287750,0001918712-25-000065,0001287750-25-000038,2025-08-08 16:14:00.0,2025-07-28 21:23:00.0,"Horizon Avionics Buyer, LLC and Horizon CTS Buyer, LLC","Horizon Avionics Buyer, LLC and Horizon CTS Buyer, LLC, First lien senior secured loan",horizon avionics buyer and horizon cts buyer,horizon avionics buyer and horizon cts buyer,unknown,debt,unknown,other_debt,unknown,first_lien,UNKNOWN,UNKNOWN,UNKNOWN,UNKNOWN,,0.0450,,,,,funded,funded,,,True,,,,,,,,True,,1,uncertain,low,funded_status_match,20260813,True,uncertain,manual confirmation after identifier/evidence review,Codex manual review 2026-08-13
aeeeaaf30ab47db2bb0defbd,2025-06-30,2025Q2,4145118d39d2a2aee6c13af8,c3470e2331502dec82f923be,ARCC,OBDC,1287750,1655888,0001287750-25-000038,0001655888-25-000020,2025-07-28 21:23:00.0,2025-08-06 16:06:00.0,"PetVet Care Centers, LLC, First lien senior secured loan","PetVet Care Centers, LLC, First lien senior secured loan",petvet care centers,petvet care centers,debt,debt,other_debt,other_debt,first_lien,first_lien,UNKNOWN,UNKNOWN,UNKNOWN,UNKNOWN,0.0600,0.0600,0.00000000,,,,funded,funded,,,True,True,True,True,,,True,,True,,5,same_facility,high,debt_equity_match|facility_type_match|lien_match|spread_match_25bp|funded_status_match,20260813,True,same_facility,manual confirmation after identifier/evidence review,Codex manual review 2026-08-13
b00630eb0f06eb08aead123c,2025-06-30,2025Q2,97b7ff5b8d0bf4cf4de40c3a,c5b3af1f4af0e6b6ebcd1416,HPS,NMFC,1838126,1496099,0001838126-25-000055,0001496099-25-000027,2025-08-13 17:03:00.0,2025-08-04 16:49:00.0,OEConnection LLC 2,"OEConnection LLC, First lien 1",oeconnection,oeconnection,unknown,debt,unknown,other_debt,unknown,first_lien,UNKNOWN,UNKNOWN,UNKNOWN,UNKNOWN,0.0525,0.0525,0.00000000,,,,funded,funded,,,True,,,,,,True,,True,,2,uncertain,low,spread_match_25bp|funded_status_match,20260813,True,uncertain,manual confirmation after identifier/evidence review,Codex manual review 2026-08-13
b0a49fe82ef260e027260c94,2025-09-30,2025Q3,697fc8a15653b81a21198836,6b492e8d6474452e89103049,BCRED,HPS,1803498,1838126,0001803498-25-000081,0001838126-25-000073,2025-11-13 16:37:00.0,2025-11-14 13:58:00.0,"Bamboo US BidCo, LLC 2",Bamboo US BidCo LLC 3,bamboo us bidco,bamboo us bidco,unknown,unknown,unknown,unknown,unknown,unknown,UNKNOWN,UNKNOWN,UNKNOWN,UNKNOWN,0.0525,0.0525,0.00000000,,,,funded,funded,,,True,,,,,,True,,True,,2,uncertain,low,spread_match_25bp|funded_status_match,20260813,True,uncertain,manual confirmation after identifier/evidence review,Codex manual review 2026-08-13
b12b62a3c950a9ddc22e275b,2025-09-30,2025Q3,a259f73856d2c20317e7b092,a56e22cbdd4734c3e9ea6b7f,HPS,BXSL,1838126,1736035,0001838126-25-000073,0001736035-25-000021,2025-11-14 13:58:00.0,2025-11-10 06:10:00.0,"IRI Group Holdings, Inc. 1","IRI Group Holdings, Inc.",iri,iri,unknown,unknown,unknown,unknown,unknown,unknown,UNKNOWN,UNKNOWN,UNKNOWN,UNKNOWN,0.0450,0.0450,0.00000000,,,,funded,funded,,,True,,,,,,True,,True,,2,unrelated,high,spread_match_25bp|funded_status_match,20260813,True,uncertain,manual override after identifier/evidence review; insufficient exact-facility evidence,Codex manual review 2026-08-13
b1c6a267ba1f394ef4463851,2025-09-30,2025Q3,090f9310b9cb014aa9f50242,e1f632ca70485b801882efc5,ASIF,OCIC,1918712,1812554,0001918712-25-000092,0001812554-25-000081,2025-11-14 16:22:00.0,2025-11-06 16:05:00.0,"Accommodations Plus Technologies LLC, First lien senior secured loan","Accommodations Plus Technologies LLC, First lien senior secured loan",accommodations plus technologies,accommodations plus technologies,debt,debt,other_debt,other_debt,first_lien,first_lien,UNKNOWN,UNKNOWN,UNKNOWN,UNKNOWN,0.0450,0.0450,0.00000000,,,,funded,funded,,,True,True,True,True,,,True,,True,,5,same_facility,high,debt_equity_match|facility_type_match|lien_match|spread_match_25bp|funded_status_match,20260813,True,same_facility,manual confirmation after identifier/evidence review,Codex manual review 2026-08-13
b4e32edc620f39f08c9e61ba,2025-09-30,2025Q3,1f2dfd4a3402704127911dd2,9c06a2247f446781f3ecf23b,ASIF,ARCC,1918712,1287750,0001918712-25-000092,0001287750-25-000046,2025-11-14 16:22:00.0,2025-10-27 20:48:00.0,"Shermco Intermediate Holdings, Inc., First lien senior secured revolving loan","Shermco Intermediate Holdings, Inc.",shermco intermediate,shermco intermediate,debt,unknown,revolver,unknown,first_lien,unknown,UNKNOWN,UNKNOWN,UNKNOWN,UNKNOWN,0.0500,,,,,,funded,funded,,,True,,,,,,,,True,,1,uncertain,low,funded_status_match,20260813,True,uncertain,manual confirmation after identifier/evidence review,Codex manual review 2026-08-13
b8d1dd97b199d1320515c290,2025-09-30,2025Q3,5e182cab48be2098748138f1,acd5e315709947ba352c557e,BCRED,BXSL,1803498,1736035,0001803498-25-000081,0001736035-25-000021,2025-11-13 16:37:00.0,2025-11-10 06:10:00.0,"Roadsafe Holdings, Inc. 2","Roadsafe Holdings, Inc. 4",roadsafe,roadsafe,unknown,unknown,unknown,unknown,unknown,unknown,UNKNOWN,UNKNOWN,UNKNOWN,UNKNOWN,0.0575,0.0475,0.01000000,,,,funded,funded,,,True,,,,,,False,,True,spread_gt_100bp,1,same_borrower_different_facility,medium,funded_status_match|conflict:spread_gt_100bp,20260813,True,same_borrower_different_facility,manual confirmation after identifier/evidence review,Codex manual review 2026-08-13
baf46f0b4ea8334e4698351d,2025-06-30,2025Q2,8aa92efa0f63d5dbe7d8ad60,d4cef0a9164e8759d183f1c7,OCIC,HPS,1812554,1838126,0001812554-25-000052,0001838126-25-000055,2025-08-07 16:12:00.0,2025-08-13 17:03:00.0,"Mitchell International, Inc., First lien senior secured loan",Mitchell International Inc,mitchell international,mitchell international,debt,unknown,other_debt,unknown,first_lien,unknown,UNKNOWN,UNKNOWN,UNKNOWN,UNKNOWN,0.0325,0.0325,0.00000000,,,,funded,funded,,,True,,,,,,True,,True,,2,uncertain,low,spread_match_25bp|funded_status_match,20260813,True,uncertain,manual confirmation after identifier/evidence review,Codex manual review 2026-08-13
bbb88a600593341f0d1eee9e,2025-06-30,2025Q2,b58e2a903423cf48e4018929,bbd37c2083a77807c848bdd7,ASIF,ARCC,1918712,1287750,0001918712-25-000065,0001287750-25-000038,2025-08-08 16:14:00.0,2025-07-28 21:23:00.0,"PumpTech, LLC and Impel CV-B, LP, First lien senior secured loan","PumpTech, LLC and Impel CV-B, LP, First lien senior secured revolving loan",pumptech and impel cv b,pumptech and impel cv b,debt,debt,other_debt,revolver,first_lien,first_lien,UNKNOWN,UNKNOWN,UNKNOWN,UNKNOWN,0.0475,0.0375,0.01000000,,,,funded,funded,,,True,True,False,True,,,False,,True,facility_type|spread_gt_100bp,3,same_borrower_different_facility,high,debt_equity_match|lien_match|funded_status_match|conflict:facility_type|conflict:spread_gt_100bp,20260813,True,same_borrower_different_facility,manual confirmation after identifier/evidence review,Codex manual review 2026-08-13
be586a1983d1db3e58524902,2025-06-30,2025Q2,5c1f3e47dafa9c4b4318f4f0,92d12aa811178d162e61683f,BCRED,NMFC,1803498,1496099,0001803498-25-000062,0001496099-25-000027,2025-08-12 16:30:00.0,2025-08-04 16:49:00.0,"Maverick Bidco, Inc. 5","Maverick Bidco Inc. 2, First Lien - Funded",maverick bidco,maverick bidco,unknown,debt,unknown,other_debt,unknown,first_lien,UNKNOWN,UNKNOWN,UNKNOWN,UNKNOWN,0.0500,0.0375,0.01250000,,,,funded,funded,,,True,,,,,,False,,True,spread_gt_100bp,1,same_borrower_different_facility,medium,funded_status_match|conflict:spread_gt_100bp,20260813,True,same_borrower_different_facility,manual confirmation after identifier/evidence review,Codex manual review 2026-08-13
bf70529a3476cdc86c9a689d,2025-06-30,2025Q2,4fd9d3c8c71bef0e79f587de,e92d9e053372c7171fea3ab4,ARCC,ASIF,1287750,1918712,0001287750-25-000038,0001918712-25-000065,2025-07-28 21:23:00.0,2025-08-08 16:14:00.0,"Poseidon IntermediateCo, Inc., First lien senior secured loan","Poseidon IntermediateCo, Inc., First lien senior secured loan",poseidon intermediateco,poseidon intermediateco,debt,debt,other_debt,other_debt,first_lien,first_lien,UNKNOWN,UNKNOWN,UNKNOWN,UNKNOWN,0.0450,0.0450,0.00000000,,,,funded,funded,,,True,True,True,True,,,True,,True,,5,same_facility,high,debt_equity_match|facility_type_match|lien_match|spread_match_25bp|funded_status_match,20260813,True,same_facility,manual confirmation after identifier/evidence review,Codex manual review 2026-08-13
c1d6f5fb1409b749a39aabff,2025-09-30,2025Q3,9702f3dbbe810b28f49ef9a6,c8cd5131874f9910dd2ae1a3,OCIC,NMFC,1812554,1496099,0001812554-25-000081,0001496099-25-000035,2025-11-06 16:05:00.0,2025-11-03 16:44:00.0,"RealPage, Inc., First lien senior secured loan 2","RealPage, Inc., First lien - Funded",realpage,realpage,debt,debt,other_debt,other_debt,first_lien,first_lien,UNKNOWN,UNKNOWN,UNKNOWN,UNKNOWN,0.0375,0.0375,0.00000000,,,,funded,funded,,,True,True,True,True,,,True,,True,,5,same_facility,high,debt_equity_match|facility_type_match|lien_match|spread_match_25bp|funded_status_match,20260813,True,same_facility,manual confirmation after identifier/evidence review,Codex manual review 2026-08-13
c22826f02bdf18782be846bc,2025-09-30,2025Q3,1b47b56d3aa06dfb98a62d18,88368223b5089286c1cc1dc6,OBDC,OCIC,1655888,1812554,0001655888-25-000024,0001812554-25-000081,2025-11-05 16:36:00.0,2025-11-06 16:05:00.0,"Hissho Parent, LLC, First lien senior secured loan","Hissho Parent, LLC, First lien senior secured loan",hissho parent,hissho parent,debt,debt,other_debt,other_debt,first_lien,first_lien,UNKNOWN,UNKNOWN,UNKNOWN,UNKNOWN,0.0450,0.0450,0.00000000,,,,funded,funded,,,True,True,True,True,,,True,,True,,5,same_facility,high,debt_equity_match|facility_type_match|lien_match|spread_match_25bp|funded_status_match,20260813,True,same_facility,manual confirmation after identifier/evidence review,Codex manual review 2026-08-13
c464d973d3e09b9c852b7cbb,2025-06-30,2025Q2,3e52e6a9c60dcb9ae9f89d8f,df511ae79b9741e8de2d08d0,HPS,BCRED,1838126,1803498,0001838126-25-000055,0001803498-25-000062,2025-08-13 17:03:00.0,2025-08-12 16:30:00.0,Dolcetto HoldCo S.P.A. 2,Dolcetto Holdco S.p.A. 1,dolcetto holdco s p a,dolcetto holdco s p a,unknown,unknown,unknown,unknown,unknown,unknown,UNKNOWN,UNKNOWN,UNKNOWN,UNKNOWN,0.0550,0.0650,0.01000000,,,,funded,funded,,,True,,,,,,False,,True,spread_gt_100bp,1,same_borrower_different_facility,medium,funded_status_match|conflict:spread_gt_100bp,20260813,True,same_borrower_different_facility,manual confirmation after identifier/evidence review,Codex manual review 2026-08-13
c4d39596d5385788101fc264,2025-06-30,2025Q2,6f23c64c834f7951f2b02102,da2e219925b8a339692857dd,OBDC,OCIC,1655888,1812554,0001655888-25-000020,0001812554-25-000052,2025-08-06 16:06:00.0,2025-08-07 16:12:00.0,"GI Apple Midco LLC (dba Atlas Technical Consultants), First lien senior secured revolving loan","GI Apple Midco LLC (dba Atlas Technical Consultants), First lien senior secured revolving loan",gi apple midco dba atlas technical consultants,gi apple midco dba atlas technical consultants,debt,debt,revolver,revolver,first_lien,first_lien,UNKNOWN,UNKNOWN,UNKNOWN,UNKNOWN,0.0675,0.0675,0.00000000,,,,funded,funded,,,True,True,True,True,,,True,,True,,5,same_facility,high,debt_equity_match|facility_type_match|lien_match|spread_match_25bp|funded_status_match,20260813,True,same_facility,manual confirmation after identifier/evidence review,Codex manual review 2026-08-13
c5733afd7f1f420b5e5aec99,2025-06-30,2025Q2,152e597567ac0817ceafdda6,6f3c0e6a0771b0b08f13a7b4,ASIF,ARCC,1918712,1287750,0001918712-25-000065,0001287750-25-000038,2025-08-08 16:14:00.0,2025-07-28 21:23:00.0,"PYE-Barker Fire & Safety, LLC, First lien senior secured loan","PYE-Barker Fire & Safety, LLC, First lien senior secured loan",pye barker fire and safety,pye barker fire and safety,debt,debt,other_debt,other_debt,first_lien,first_lien,UNKNOWN,UNKNOWN,UNKNOWN,UNKNOWN,0.0450,0.0450,0.00000000,,,,funded,funded,,,True,True,True,True,,,True,,True,,5,same_facility,high,debt_equity_match|facility_type_match|lien_match|spread_match_25bp|funded_status_match,20260813,True,same_facility,manual confirmation after identifier/evidence review,Codex manual review 2026-08-13
c57ab25769151d329d7989ec,2025-06-30,2025Q2,15b8f9c0a43d2e57e59c9a14,9e4c9df0b7a8035f16fd1f9e,BCRED,OCIC,1803498,1812554,0001803498-25-000062,0001812554-25-000052,2025-08-12 16:30:00.0,2025-08-07 16:12:00.0,"Canadian Hospital Specialties, Ltd.","Canadian Hospital Specialties Limited, First lien senior secured loan",canadian hospital specialties,canadian hospital specialties,unknown,debt,unknown,other_debt,unknown,first_lien,UNKNOWN,UNKNOWN,UNKNOWN,UNKNOWN,0.0875,0.0450,0.04250000,,,,funded,funded,,,True,,,,,,False,,True,spread_gt_100bp,1,same_borrower_different_facility,medium,funded_status_match|conflict:spread_gt_100bp,20260813,True,same_borrower_different_facility,manual confirmation after identifier/evidence review,Codex manual review 2026-08-13
c61bd1ad86b4b04e98033cc8,2025-06-30,2025Q2,41d6c60f49ae5ce19a662521,ee169565b86f329d5aaa2b42,BCRED,BXSL,1803498,1736035,0001803498-25-000062,0001736035-25-000018,2025-08-12 16:30:00.0,2025-08-06 06:10:00.0,"Monterey Financing, S.a r.l. 1","Monterey Financing, S.a r.l. 2",monterey financing s a r l,monterey financing s a r l,unknown,unknown,unknown,unknown,unknown,unknown,UNKNOWN,UNKNOWN,UNKNOWN,UNKNOWN,0.0600,0.0600,0.00000000,,,,funded,funded,,,True,,,,,,True,,True,,2,uncertain,low,spread_match_25bp|funded_status_match,20260813,True,uncertain,manual confirmation after identifier/evidence review,Codex manual review 2026-08-13
c76b6bc427a21822671618eb,2025-09-30,2025Q3,19b5906d319748af71b0aaf6,db5dd51c1353269f347fc29a,ARCC,ASIF,1287750,1918712,0001287750-25-000046,0001918712-25-000092,2025-10-27 20:48:00.0,2025-11-14 16:22:00.0,"BGIF IV Fearless Utility Services, Inc., First lien senior secured loan","BGIF IV Fearless Utility Services, Inc., First lien senior secured revolving loan",bgif iv fearless utility services,bgif iv fearless utility services,debt,debt,other_debt,revolver,first_lien,first_lien,UNKNOWN,UNKNOWN,UNKNOWN,UNKNOWN,0.0500,,,,,,funded,funded,,,True,True,False,True,,,,,True,facility_type,3,same_borrower_different_facility,high,debt_equity_match|lien_match|funded_status_match|conflict:facility_type,20260813,True,same_borrower_different_facility,manual confirmation after identifier/evidence review,Codex manual review 2026-08-13
c77ab552b58d4fef9439238d,2025-09-30,2025Q3,214aba21ae63651e67a2aa81,ae63dff6dbd70e4084877a9a,OCIC,OBDC,1812554,1655888,0001812554-25-000081,0001655888-25-000024,2025-11-06 16:05:00.0,2025-11-05 16:36:00.0,"Walker Edison Furniture Company LLC, First lien senior secured loan 2","Walker Edison Furniture Company LLC, First lien senior secured revolving loan",walker edison furniture,walker edison furniture,debt,debt,other_debt,revolver,first_lien,first_lien,UNKNOWN,UNKNOWN,UNKNOWN,UNKNOWN,,0.0625,,,,,funded,funded,,,True,True,False,True,,,,,True,facility_type,3,same_borrower_different_facility,high,debt_equity_match|lien_match|funded_status_match|conflict:facility_type,20260813,True,same_borrower_different_facility,manual confirmation after identifier/evidence review,Codex manual review 2026-08-13
ca8cb91f658e88243a601e84,2025-06-30,2025Q2,7f885e5005af2c42ea0f30f6,aa49958cd4384836bd319c2c,BXSL,BCRED,1736035,1803498,0001736035-25-000018,0001803498-25-000062,2025-08-06 06:10:00.0,2025-08-12 16:30:00.0,"Sam Holding Co, Inc. 4","Sam Holding Co, Inc. 2",sam,sam,unknown,unknown,unknown,unknown,unknown,unknown,UNKNOWN,UNKNOWN,UNKNOWN,UNKNOWN,0.0550,0.0550,0.00000000,,,,funded,funded,,,True,,,,,,True,,True,,2,unrelated,high,spread_match_25bp|funded_status_match,20260813,True,uncertain,manual override after identifier/evidence review; insufficient exact-facility evidence,Codex manual review 2026-08-13
cc937739396d6d987642d265,2025-09-30,2025Q3,6ed77f9c24ed6e366c4ac00c,c1649f884236c8412dfb692a,GBDC,BBDC,1476765,1379785,0001476765-25-000096,0001379785-25-000050,2025-11-18 16:11:00.0,2025-11-06 16:21:00.0,"DISA Holdings Corp., Senior secured 4","DISA Holdings Corp., First Lien Senior Secured Term Loan",disa,disa,debt,debt,other_debt,term_loan,secured_unspecified,first_lien,UNKNOWN,UNKNOWN,UNKNOWN,UNKNOWN,0.0500,0.0500,0.00000000,,,,funded,funded,,,True,True,False,False,,,True,,True,facility_type|lien,3,same_borrower_different_facility,high,debt_equity_match|spread_match_25bp|funded_status_match|conflict:facility_type|conflict:lien,20260813,True,same_borrower_different_facility,manual confirmation after identifier/evidence review,Codex manual review 2026-08-13
cd667b5c20d94b77d07948f2,2025-09-30,2025Q3,4523bb3c5a5a29d52e0b2c66,ecb7266c25af222706e4afa6,ARCC,OCIC,1287750,1812554,0001287750-25-000046,0001812554-25-000081,2025-10-27 20:48:00.0,2025-11-06 16:05:00.0,"Bamboo US BidCo LLC, First lien senior secured loan","Bamboo US BidCo LLC, First lien senior secured loan",bamboo us bidco,bamboo us bidco,debt,debt,other_debt,other_debt,first_lien,first_lien,UNKNOWN,UNKNOWN,UNKNOWN,UNKNOWN,0.0525,0.0525,0.00000000,,,,funded,funded,,,True,True,True,True,,,True,,True,,5,same_facility,high,debt_equity_match|facility_type_match|lien_match|spread_match_25bp|funded_status_match,20260813,True,same_facility,manual confirmation after identifier/evidence review,Codex manual review 2026-08-13
cd7d3e6c1c7bd3508b4b4b34,2025-09-30,2025Q3,cd48c917f4a3cac503e97a41,e8800a6455ddb92819aad639,NMFC,BCRED,1496099,1803498,0001496099-25-000035,0001803498-25-000081,2025-11-03 16:44:00.0,2025-11-13 16:37:00.0,"Cornerstone OnDemand, Inc., First lien - Funded","Cornerstone OnDemand, Inc. 2",cornerstone ondemand,cornerstone ondemand,debt,unknown,other_debt,unknown,first_lien,unknown,UNKNOWN,UNKNOWN,UNKNOWN,UNKNOWN,0.0375,0.0600,0.02250000,,,,funded,funded,,,True,,,,,,False,,True,spread_gt_100bp,1,same_borrower_different_facility,medium,funded_status_match|conflict:spread_gt_100bp,20260813,True,same_borrower_different_facility,manual confirmation after identifier/evidence review,Codex manual review 2026-08-13
cfb3fcc2f7e2c99c7d66bb74,2025-06-30,2025Q2,345724e832ec40b444360309,9acaa8449d7ab7e308d13694,BXSL,BCRED,1736035,1803498,0001736035-25-000018,0001803498-25-000062,2025-08-06 06:10:00.0,2025-08-12 16:30:00.0,"North Haven Ushc Acquisition, Inc. 4","North Haven Ushc Acquisition, Inc. 7",north haven ushc acquisition,north haven ushc acquisition,unknown,unknown,unknown,unknown,unknown,unknown,UNKNOWN,UNKNOWN,UNKNOWN,UNKNOWN,0.0500,0.0500,0.00000000,,,,funded,funded,,,True,,,,,,True,,True,,2,uncertain,low,spread_match_25bp|funded_status_match,20260813,True,uncertain,manual confirmation after identifier/evidence review,Codex manual review 2026-08-13
cfbdfa94c1efad894f83da19,2025-09-30,2025Q3,2b9dd0db2fcd000532a9b123,57fc2c77ef6d893ad3169982,BCRED,BXSL,1803498,1736035,0001803498-25-000081,0001736035-25-000021,2025-11-13 16:37:00.0,2025-11-10 06:10:00.0,"JSS Holdings, Inc. 2","JSS Holdings, Inc. 2",jss,jss,unknown,unknown,unknown,unknown,unknown,unknown,UNKNOWN,UNKNOWN,UNKNOWN,UNKNOWN,0.0525,0.0525,0.00000000,,,,funded,funded,,,True,,,,,,True,,True,,2,unrelated,high,spread_match_25bp|funded_status_match,20260813,True,uncertain,manual override after identifier/evidence review; insufficient exact-facility evidence,Codex manual review 2026-08-13
d17e1f1e5b06cdbefda4f996,2025-09-30,2025Q3,86c563f0b864a394248d47d0,da1d58cd9e87104d1803dba4,OCIC,OBDC,1812554,1655888,0001812554-25-000081,0001655888-25-000024,2025-11-06 16:05:00.0,2025-11-05 16:36:00.0,"AmeriLife Holdings LLC, First lien senior secured loan","AmeriLife Holdings LLC, First lien senior secured delayed draw term loan",amerilife,amerilife,debt,debt,other_debt,delayed_draw,first_lien,first_lien,UNKNOWN,UNKNOWN,UNKNOWN,UNKNOWN,0.0500,0.0481,0.00190000,,,,funded,unknown,,,True,True,False,True,,,True,,,facility_type,3,same_borrower_different_facility,high,debt_equity_match|lien_match|spread_match_25bp|conflict:facility_type,20260813,True,same_borrower_different_facility,manual confirmation after identifier/evidence review,Codex manual review 2026-08-13
d293d2c2112ac67fbb90335c,2025-09-30,2025Q3,26c9de7bbaa9a027948a009c,a8b33ffef951168894d80186,BXSL,BCRED,1736035,1803498,0001736035-25-000021,0001803498-25-000081,2025-11-10 06:10:00.0,2025-11-13 16:37:00.0,"Sam Holding Co, Inc. 3","Sam Holding Co, Inc. 1",sam,sam,unknown,unknown,unknown,unknown,unknown,unknown,UNKNOWN,UNKNOWN,UNKNOWN,UNKNOWN,0.0550,0.0550,0.00000000,,,,funded,funded,,,True,,,,,,True,,True,,2,unrelated,high,spread_match_25bp|funded_status_match,20260813,True,uncertain,manual override after identifier/evidence review; insufficient exact-facility evidence,Codex manual review 2026-08-13
d58e99a2c5fb8622da9a2b61,2025-06-30,2025Q2,3d8892328d3e354d82ecea26,4677dc4ae5bfc9a6215e7537,OBDC,OCIC,1655888,1812554,0001655888-25-000020,0001812554-25-000052,2025-08-06 16:06:00.0,2025-08-07 16:12:00.0,"Vessco Midco Holdings, LLC, First lien senior secured loan","Vessco Midco Holdings, LLC, First lien senior secured loan",vessco midco,vessco midco,debt,debt,other_debt,other_debt,first_lien,first_lien,UNKNOWN,UNKNOWN,UNKNOWN,UNKNOWN,0.0475,0.0475,0.00000000,,,,funded,funded,,,True,True,True,True,,,True,,True,,5,same_facility,high,debt_equity_match|facility_type_match|lien_match|spread_match_25bp|funded_status_match,20260813,True,same_facility,manual confirmation after identifier/evidence review,Codex manual review 2026-08-13
d5be014e104f3e685feb6553,2025-09-30,2025Q3,38ef162bb7d6b3b7eba9655f,7bad7bb4b958e2b6dcc6518e,ASIF,ARCC,1918712,1287750,0001918712-25-000092,0001287750-25-000046,2025-11-14 16:22:00.0,2025-10-27 20:48:00.0,"Higginbotham Insurance Agency, Inc. and HIG Intermediate, Inc., Series A preferred shares","Higginbotham Insurance Agency, Inc. and HIG Intermediate, Inc., Series A preferred shares",higginbotham insurance agency and hig intermediate a shares,higginbotham insurance agency and hig intermediate a shares,equity,equity,preferred_equity,preferred_equity,unknown,unknown,UNKNOWN,UNKNOWN,UNKNOWN,UNKNOWN,,,,,,,funded,funded,,,True,True,True,,,,,,True,,3,uncertain,low,debt_equity_match|facility_type_match|funded_status_match,20260813,True,uncertain,manual confirmation after identifier/evidence review,Codex manual review 2026-08-13
d69602e7a55b58dd4815de9a,2025-06-30,2025Q2,57220d80fd4d8a6d5cf5f775,f82c4750bcd06df923e7d3a3,BXSL,HPS,1736035,1838126,0001736035-25-000018,0001838126-25-000055,2025-08-06 06:10:00.0,2025-08-13 17:03:00.0,"IRI Group Holdings, Inc.","IRI Group Holdings, Inc. 1",iri,iri,unknown,unknown,unknown,unknown,unknown,unknown,UNKNOWN,UNKNOWN,UNKNOWN,UNKNOWN,0.0450,,,,,,funded,funded,,,True,,,,,,,,True,,1,unrelated,high,funded_status_match,20260813,True,uncertain,manual override after identifier/evidence review; insufficient exact-facility evidence,Codex manual review 2026-08-13
d6df272978df43fedb1e0973,2025-09-30,2025Q3,16a3a10f8caad3b13d1d574b,6c065904dadd7667b5bb1160,BXSL,BCRED,1736035,1803498,0001736035-25-000021,0001803498-25-000081,2025-11-10 06:10:00.0,2025-11-13 16:37:00.0,"Material+ Holding Company, LLC - Class C Units","Material+ Holding Company, LLC - Class C Units",material c units,material c units,unknown,unknown,unknown,unknown,unknown,unknown,UNKNOWN,UNKNOWN,UNKNOWN,UNKNOWN,,,,,,,funded,funded,,,True,,,,,,,,True,,1,uncertain,low,funded_status_match,20260813,True,uncertain,manual confirmation after identifier/evidence review,Codex manual review 2026-08-13
d7a72708e6da62c2f22472a6,2025-06-30,2025Q2,a7cbf0d2ee9971f96eb8c045,b56ec9db5f912d917e5f5ac4,ASIF,NMFC,1918712,1496099,0001918712-25-000065,0001496099-25-000027,2025-08-08 16:14:00.0,2025-08-04 16:49:00.0,"Bracket Intermediate Holding Corp., First lien senior secured loan","Bracket Intermediate Holding Corp., First lien - Funded",bracket intermediate,bracket intermediate,debt,debt,other_debt,other_debt,first_lien,first_lien,UNKNOWN,UNKNOWN,UNKNOWN,UNKNOWN,0.0425,0.0425,0.00000000,,,,funded,funded,,,True,True,True,True,,,True,,True,,5,same_facility,high,debt_equity_match|facility_type_match|lien_match|spread_match_25bp|funded_status_match,20260813,True,same_facility,manual confirmation after identifier/evidence review,Codex manual review 2026-08-13
d7f4960230d1d39edf6e9322,2025-06-30,2025Q2,48427de488c828205407b255,d53ba09461decdc82ae12a9f,OBDC,OCSL,1655888,1414932,0001655888-25-000020,0001414932-25-000016,2025-08-06 16:06:00.0,2025-08-04 17:51:00.0,"Pluralsight, LLC, First lien senior secured loan 2","Pluralsight, LLC, First Lien Term Loan 2",pluralsight,pluralsight,debt,debt,other_debt,term_loan,first_lien,first_lien,UNKNOWN,UNKNOWN,UNKNOWN,UNKNOWN,,0.0750,,,,,funded,funded,,,True,True,False,True,,,,,True,facility_type,3,same_borrower_different_facility,high,debt_equity_match|lien_match|funded_status_match|conflict:facility_type,20260813,True,same_borrower_different_facility,manual confirmation after identifier/evidence review,Codex manual review 2026-08-13
d8e2a4eaa206636aac7ed919,2025-06-30,2025Q2,3cff9353ce003d8439cd970c,41b9449962d4c439554f6750,BBDC,ARCC,1379785,1287750,0001379785-25-000035,0001287750-25-000038,2025-08-07 16:21:00.0,2025-07-28 21:23:00.0,"THG Acquisition, LLC, Revolver","THG Acquisition, LLC, First lien senior secured loan 2",thg acquisition,thg acquisition,debt,debt,revolver,other_debt,unknown,first_lien,UNKNOWN,UNKNOWN,UNKNOWN,UNKNOWN,0.0475,0.0450,0.00250000,,,,funded,funded,,,True,True,False,,,,False,,True,facility_type,2,same_borrower_different_facility,high,debt_equity_match|funded_status_match|conflict:facility_type,20260813,True,same_borrower_different_facility,manual confirmation after identifier/evidence review,Codex manual review 2026-08-13
d97284c434c31480a0345656,2025-06-30,2025Q2,9a1a405e32e0c9648d411f77,d4f276e04f8b9a1acef19077,ASIF,ARCC,1918712,1287750,0001918712-25-000065,0001287750-25-000038,2025-08-08 16:14:00.0,2025-07-28 21:23:00.0,"Shermco Intermediate Holdings, Inc., First lien senior secured revolving loan","Shermco Intermediate Holdings, Inc., First lien senior secured loan 5",shermco intermediate,shermco intermediate,debt,debt,revolver,other_debt,first_lien,first_lien,UNKNOWN,UNKNOWN,UNKNOWN,UNKNOWN,0.0500,0.0500,0.00000000,,,,funded,funded,,,True,True,False,True,,,True,,True,facility_type,4,same_borrower_different_facility,high,debt_equity_match|lien_match|spread_match_25bp|funded_status_match|conflict:facility_type,20260813,True,same_borrower_different_facility,manual confirmation after identifier/evidence review,Codex manual review 2026-08-13
db6df62b27198d1c2eac78d2,2025-06-30,2025Q2,3ddec0e2fd833e95e8184de1,ec0c2f990a3bdf4e46fe10f0,ARCC,ASIF,1287750,1918712,0001287750-25-000038,0001918712-25-000065,2025-07-28 21:23:00.0,2025-08-08 16:14:00.0,"North Haven Stack Buyer, LLC, First lien senior secured revolving loan","North Haven Stack Buyer, LLC, First lien senior secured loan 2",north haven stack buyer,north haven stack buyer,debt,debt,revolver,other_debt,first_lien,first_lien,UNKNOWN,UNKNOWN,UNKNOWN,UNKNOWN,0.0475,0.0475,0.00000000,,,,funded,funded,,,True,True,False,True,,,True,,True,facility_type,4,same_borrower_different_facility,high,debt_equity_match|lien_match|spread_match_25bp|funded_status_match|conflict:facility_type,20260813,True,same_borrower_different_facility,manual confirmation after identifier/evidence review,Codex manual review 2026-08-13
dbf2c3dec6dffc07ffacfab4,2025-06-30,2025Q2,0b4bb5591346cef7d5f0e666,4426d0a16047f86eb02de564,OCIC,BXSL,1812554,1736035,0001812554-25-000052,0001736035-25-000018,2025-08-07 16:12:00.0,2025-08-06 06:10:00.0,"Unified Women's Healthcare, LP, First lien senior secured loan 1","Unified Women's Healthcare, LP 2",unified women s healthcare,unified women s healthcare,debt,unknown,other_debt,unknown,first_lien,unknown,UNKNOWN,UNKNOWN,UNKNOWN,UNKNOWN,0.0550,0.0525,0.00250000,,,,funded,funded,,,True,,,,,,False,,True,,1,uncertain,low,funded_status_match,20260813,True,uncertain,manual confirmation after identifier/evidence review,Codex manual review 2026-08-13
dc40dc26ed996474416a0afa,2025-09-30,2025Q3,38335590bd3acd87714ec07b,3f310e23b988df1f2bbc79ee,ASIF,OCIC,1918712,1812554,0001918712-25-000092,0001812554-25-000081,2025-11-14 16:22:00.0,2025-11-06 16:05:00.0,"Cambrex Corporation, First lien senior secured loan","Cambrex Corporation, First lien senior secured loan",cambrex,cambrex,debt,debt,other_debt,other_debt,first_lien,first_lien,UNKNOWN,UNKNOWN,UNKNOWN,UNKNOWN,0.0450,0.0450,0.00000000,,,,funded,funded,,,True,True,True,True,,,True,,True,,5,same_facility,high,debt_equity_match|facility_type_match|lien_match|spread_match_25bp|funded_status_match,20260813,True,same_facility,manual confirmation after identifier/evidence review,Codex manual review 2026-08-13
dc95c833cc1f075a4fb16742,2025-06-30,2025Q2,1803d7a0eceeeaa13945b934,5b72f72580be76ff7343dc20,ARCC,ASIF,1287750,1918712,0001287750-25-000038,0001918712-25-000065,2025-07-28 21:23:00.0,2025-08-08 16:14:00.0,"Davidson Hotel Company LLC, First lien senior secured loan","Davidson Hotel Company LLC, First lien senior secured loan",davidson hotel,davidson hotel,debt,debt,other_debt,other_debt,first_lien,first_lien,UNKNOWN,UNKNOWN,UNKNOWN,UNKNOWN,0.0500,0.0500,0.00000000,,,,funded,funded,,,True,True,True,True,,,True,,True,,5,same_facility,high,debt_equity_match|facility_type_match|lien_match|spread_match_25bp|funded_status_match,20260813,True,same_facility,manual confirmation after identifier/evidence review,Codex manual review 2026-08-13
dcb1540bbb983a493f3577b8,2025-09-30,2025Q3,36eb26c901a9ab9d6d8aa6f1,d65e140a6c830e588c5e09ff,ASIF,ARCC,1918712,1287750,0001918712-25-000092,0001287750-25-000046,2025-11-14 16:22:00.0,2025-10-27 20:48:00.0,"Eclipse Topco, Inc., Eclipse Investor Parent, L.P. and Eclipse Buyer, Inc., First lien senior secured loan","Eclipse Topco, Inc., Eclipse Investor Parent, L.P. and Eclipse Buyer, Inc., First lien senior secured loan",eclipse topco eclipse investor parent and eclipse buyer,eclipse topco eclipse investor parent and eclipse buyer,debt,debt,other_debt,other_debt,first_lien,first_lien,UNKNOWN,UNKNOWN,UNKNOWN,UNKNOWN,0.0450,0.0450,0.00000000,,,,funded,funded,,,True,True,True,True,,,True,,True,,5,same_facility,high,debt_equity_match|facility_type_match|lien_match|spread_match_25bp|funded_status_match,20260813,True,same_facility,manual confirmation after identifier/evidence review,Codex manual review 2026-08-13
dd2706ae8f351167fac5c6ff,2025-06-30,2025Q2,a0a7e1598e2dc4c926226aed,a1d7c4e94e4b3c1401182751,ASIF,BCRED,1918712,1803498,0001918712-25-000065,0001803498-25-000062,2025-08-08 16:14:00.0,2025-08-12 16:30:00.0,"Mitchell International, Inc., Second lien senior secured loan","Mitchell International, Inc.",mitchell international,mitchell international,debt,unknown,other_debt,unknown,second_lien,unknown,UNKNOWN,UNKNOWN,UNKNOWN,UNKNOWN,0.0525,0.0325,0.02000000,,,,funded,funded,,,True,,,,,,False,,True,spread_gt_100bp,1,same_borrower_different_facility,medium,funded_status_match|conflict:spread_gt_100bp,20260813,True,same_borrower_different_facility,manual confirmation after identifier/evidence review,Codex manual review 2026-08-13
de0aff6f70a83198b103ba10,2025-09-30,2025Q3,5c49ec6f2b4ab28a7c5b807a,9bb189b87da93f11c393cbb2,OBDC,OCIC,1655888,1812554,0001655888-25-000024,0001812554-25-000081,2025-11-05 16:36:00.0,2025-11-06 16:05:00.0,"Barracuda Parent, LLC, First lien senior secured loan","Barracuda Parent, LLC, First lien senior secured loan 2",barracuda parent,barracuda parent,debt,debt,other_debt,other_debt,first_lien,first_lien,UNKNOWN,UNKNOWN,UNKNOWN,UNKNOWN,0.0450,0.0650,0.02000000,,,,funded,funded,,,True,True,True,True,,,False,,True,spread_gt_100bp,4,same_borrower_different_facility,medium,debt_equity_match|facility_type_match|lien_match|funded_status_match|conflict:spread_gt_100bp,20260813,True,same_borrower_different_facility,manual confirmation after identifier/evidence review,Codex manual review 2026-08-13
de2c84cfb9ddf202d3bbf0ec,2025-09-30,2025Q3,8c44fa69f4ae0a97c7b88396,a4187dae3137d45f43f8c0ea,NMFC,OCSL,1496099,1414932,0001496099-25-000035,0001414932-25-000022,2025-11-03 16:44:00.0,2025-11-17 18:00:00.0,"Asurion, LLC 2, First Lien - Funded","Asurion, LLC, First Lien Term Loan 1",asurion,asurion,debt,debt,other_debt,term_loan,first_lien,first_lien,UNKNOWN,UNKNOWN,UNKNOWN,UNKNOWN,0.0425,0.0425,0.00000000,,,,funded,funded,,,True,True,False,True,,,True,,True,facility_type,4,same_borrower_different_facility,high,debt_equity_match|lien_match|spread_match_25bp|funded_status_match|conflict:facility_type,20260813,True,same_borrower_different_facility,manual confirmation after identifier/evidence review,Codex manual review 2026-08-13
e0f81c3f869b7160ee27b839,2025-09-30,2025Q3,2f14275fe10110c6116fcc5e,b8df8f2dd474d4140cce7fc1,ARCC,ASIF,1287750,1918712,0001287750-25-000046,0001918712-25-000092,2025-10-27 20:48:00.0,2025-11-14 16:22:00.0,"Bulab Holdings, Inc. and Buckman PPC Co-Invest LP, First lien senior secured loan","Bulab Holdings, Inc. and Buckman PPC Co-Invest LP, First lien senior secured loan 2",bulab and buckman ppc invest,bulab and buckman ppc invest,debt,debt,other_debt,other_debt,first_lien,first_lien,UNKNOWN,UNKNOWN,UNKNOWN,UNKNOWN,0.0475,0.0475,0.00000000,,,,funded,funded,,,True,True,True,True,,,True,,True,,5,same_facility,high,debt_equity_match|facility_type_match|lien_match|spread_match_25bp|funded_status_match,20260813,True,same_facility,manual confirmation after identifier/evidence review,Codex manual review 2026-08-13
e2ae6d49adb4e891617fa2b6,2025-06-30,2025Q2,45d27d5f4d35511fe092eaf5,625d676f17d4bc97944f2666,ARCC,ASIF,1287750,1918712,0001287750-25-000038,0001918712-25-000065,2025-07-28 21:23:00.0,2025-08-08 16:14:00.0,"IFH Franchisee Holdings, LLC, First lien senior secured revolving loan","IFH Franchisee Holdings, LLC, First lien senior secured revolving loan",ifh franchisee,ifh franchisee,debt,debt,revolver,revolver,first_lien,first_lien,UNKNOWN,UNKNOWN,UNKNOWN,UNKNOWN,0.0400,0.0400,0.00000000,,,,funded,funded,,,True,True,True,True,,,True,,True,,5,same_facility,high,debt_equity_match|facility_type_match|lien_match|spread_match_25bp|funded_status_match,20260813,True,same_facility,manual confirmation after identifier/evidence review,Codex manual review 2026-08-13
e4c4ad0710178a034eb480cb,2025-06-30,2025Q2,801b6fcd6d9a45657449d4d7,9ddfb79e50fcafaede0a1bc8,ASIF,ARCC,1918712,1287750,0001918712-25-000065,0001287750-25-000038,2025-08-08 16:14:00.0,2025-07-28 21:23:00.0,"PSC Parent, Inc., First lien senior secured revolving loan","PSC Parent, Inc., First lien senior secured revolving loan",psc parent,psc parent,debt,debt,revolver,revolver,first_lien,first_lien,UNKNOWN,UNKNOWN,UNKNOWN,UNKNOWN,0.0525,0.0525,0.00000000,,,,funded,funded,,,True,True,True,True,,,True,,True,,5,same_facility,high,debt_equity_match|facility_type_match|lien_match|spread_match_25bp|funded_status_match,20260813,True,same_facility,manual confirmation after identifier/evidence review,Codex manual review 2026-08-13
e51124a528fb0a1c5e86c8f9,2025-06-30,2025Q2,4221fc91e1e76bb43a8f8550,52e15efae0b8e83fdad02530,OBDC,OCIC,1655888,1812554,0001655888-25-000020,0001812554-25-000052,2025-08-06 16:06:00.0,2025-08-07 16:12:00.0,"Conair Holdings LLC, Second lien senior secured loan","Conair Holdings LLC, Second lien senior secured loan",conair,conair,debt,debt,other_debt,other_debt,second_lien,second_lien,UNKNOWN,UNKNOWN,UNKNOWN,UNKNOWN,0.0750,0.0750,0.00000000,,,,funded,funded,,,True,True,True,True,,,True,,True,,5,same_facility,high,debt_equity_match|facility_type_match|lien_match|spread_match_25bp|funded_status_match,20260813,True,same_facility,manual confirmation after identifier/evidence review,Codex manual review 2026-08-13
e6a1b479ac2a1eb0e0679f27,2025-06-30,2025Q2,733e77175a5a2e1ac4d0dc2b,8b7c97d88273539ac5426904,BCRED,BXSL,1803498,1736035,0001803498-25-000062,0001736035-25-000018,2025-08-12 16:30:00.0,2025-08-06 06:10:00.0,"Charger Debt Merger Sub, LLC 1","Charger Debt Merger Sub, LLC 1",charger merger sub,charger merger sub,debt,debt,other_debt,other_debt,unknown,unknown,UNKNOWN,UNKNOWN,UNKNOWN,UNKNOWN,0.0500,0.0500,0.00000000,,,,funded,funded,,,True,True,True,,,,True,,True,,4,same_facility,high,debt_equity_match|facility_type_match|spread_match_25bp|funded_status_match,20260813,True,same_facility,manual confirmation after identifier/evidence review,Codex manual review 2026-08-13
e7a0595d7497fdb2a103f2d1,2025-09-30,2025Q3,ca4b53c51c0eb5ffd39a0d4a,e645b671f3149a21c3d2754c,NMFC,BXSL,1496099,1736035,0001496099-25-000035,0001736035-25-000021,2025-11-03 16:44:00.0,2025-11-10 06:10:00.0,"Tennessee Bidco Limited, First lien 2","Tennessee Bidco, Limited 4",tennessee bidco,tennessee bidco,debt,unknown,other_debt,unknown,first_lien,unknown,UNKNOWN,UNKNOWN,UNKNOWN,UNKNOWN,0.0350,0.0525,0.01750000,,,,funded,funded,,,True,,,,,,False,,True,spread_gt_100bp,1,same_borrower_different_facility,medium,funded_status_match|conflict:spread_gt_100bp,20260813,True,same_borrower_different_facility,manual confirmation after identifier/evidence review,Codex manual review 2026-08-13
e7c46b8ed7b077655853975e,2025-06-30,2025Q2,30ffe0dd2604517a795781cd,dc103bbc06bfe42ea4cce823,OCIC,HPS,1812554,1838126,0001812554-25-000052,0001838126-25-000055,2025-08-07 16:12:00.0,2025-08-13 17:03:00.0,"Integrity Marketing Acquisition, LLC, First lien senior secured loan",Integrity Marketing Acquisition LLC 3,integrity marketing acquisition,integrity marketing acquisition,debt,unknown,other_debt,unknown,first_lien,unknown,UNKNOWN,UNKNOWN,UNKNOWN,UNKNOWN,0.0500,0.0500,0.00000000,,,,funded,funded,,,True,,,,,,True,,True,,2,uncertain,low,spread_match_25bp|funded_status_match,20260813,True,uncertain,manual confirmation after identifier/evidence review,Codex manual review 2026-08-13
e7ea8d7915068f617adac3c3,2025-06-30,2025Q2,121ba337082da64e6dfc06a4,a54bd6b2b45880b75698fc6c,BCRED,HPS,1803498,1838126,0001803498-25-000062,0001838126-25-000055,2025-08-12 16:30:00.0,2025-08-13 17:03:00.0,"Denali Bidco, Ltd. 1",Denali Bidco Limited 1,denali bidco,denali bidco,unknown,unknown,unknown,unknown,unknown,unknown,UNKNOWN,UNKNOWN,UNKNOWN,UNKNOWN,0.0500,0.0500,0.00000000,,,,funded,funded,,,True,,,,,,True,,True,,2,uncertain,low,spread_match_25bp|funded_status_match,20260813,True,uncertain,manual confirmation after identifier/evidence review,Codex manual review 2026-08-13
e7fa23d37cfcae3adebdb7c3,2025-06-30,2025Q2,59768803f123821ce9b186e3,cb00136f30b335ddcdcdb6e5,BXSL,ASIF,1736035,1918712,0001736035-25-000018,0001918712-25-000065,2025-08-06 06:10:00.0,2025-08-08 16:14:00.0,Diligent Corp. 1,"Diligent Corporation, First lien senior secured loan",diligent,diligent,unknown,debt,unknown,other_debt,unknown,first_lien,UNKNOWN,UNKNOWN,UNKNOWN,UNKNOWN,0.0500,0.0500,0.00000000,,,,funded,funded,,,True,,,,,,True,,True,,2,uncertain,low,spread_match_25bp|funded_status_match,20260813,True,uncertain,manual confirmation after identifier/evidence review,Codex manual review 2026-08-13
e83efa4994e7667d08af96f6,2025-06-30,2025Q2,574bfcdfc63ef28e35872d90,6d194c93e4bbd969d8d5acc3,ASIF,HPS,1918712,1838126,0001918712-25-000065,0001838126-25-000055,2025-08-08 16:14:00.0,2025-08-13 17:03:00.0,"Severin Acquisition, LLC, First lien senior secured loan",Severin Acquisition LLC 2,severin acquisition,severin acquisition,debt,unknown,other_debt,unknown,first_lien,unknown,UNKNOWN,UNKNOWN,UNKNOWN,UNKNOWN,0.0500,0.0475,0.00250000,,,,funded,funded,,,True,,,,,,False,,True,,1,uncertain,low,funded_status_match,20260813,True,uncertain,manual confirmation after identifier/evidence review,Codex manual review 2026-08-13
e914728181bd5ee18f4a1830,2025-09-30,2025Q3,6f19f2d126349bffdd4a33cc,cf9a994db68a00ec1814641c,OBDC,OCIC,1655888,1812554,0001655888-25-000024,0001812554-25-000081,2025-11-05 16:36:00.0,2025-11-06 16:05:00.0,"Granicus, Inc., First lien senior secured delayed draw term loan","Granicus, Inc., First lien senior secured loan",granicus,granicus,debt,debt,delayed_draw,other_debt,first_lien,first_lien,UNKNOWN,UNKNOWN,UNKNOWN,UNKNOWN,0.0300,0.0350,0.00500000,,,,unknown,funded,,,True,True,False,True,,,False,,,facility_type,2,same_borrower_different_facility,high,debt_equity_match|lien_match|conflict:facility_type,20260813,True,same_borrower_different_facility,manual confirmation after identifier/evidence review,Codex manual review 2026-08-13
ea5db29613df8a158bd55737,2025-09-30,2025Q3,8249b09a86b935b35782d946,8dbd3d41bab5975b9d8fe5df,ASIF,NMFC,1918712,1496099,0001918712-25-000092,0001496099-25-000035,2025-11-14 16:22:00.0,2025-11-03 16:44:00.0,"Firebird Acquisition Corp, Inc., First lien senior secured loan 2","Firebird Acquisition Corp, Inc., First lien",firebird acquisition,firebird acquisition,debt,debt,other_debt,other_debt,first_lien,first_lien,UNKNOWN,UNKNOWN,UNKNOWN,UNKNOWN,0.0450,0.0225,0.02250000,,,,funded,funded,,,True,True,True,True,,,False,,True,spread_gt_100bp,4,same_borrower_different_facility,medium,debt_equity_match|facility_type_match|lien_match|funded_status_match|conflict:spread_gt_100bp,20260813,True,same_borrower_different_facility,manual confirmation after identifier/evidence review,Codex manual review 2026-08-13
ebe6f803ed59d1a44902abc1,2025-09-30,2025Q3,42a312369f0b13af0fbd6756,9b427b2c46b503edc06e2bf3,BXSL,ARCC,1736035,1287750,0001736035-25-000021,0001287750-25-000046,2025-11-10 06:10:00.0,2025-10-27 20:48:00.0,IQN Holding Corp. 2,"IQN Holding Corp., First lien senior secured revolving loan",iqn,iqn,unknown,debt,unknown,revolver,unknown,first_lien,UNKNOWN,UNKNOWN,UNKNOWN,UNKNOWN,0.0525,0.0525,0.00000000,,,,funded,funded,,,True,,,,,,True,,True,,2,unrelated,high,spread_match_25bp|funded_status_match,20260813,True,uncertain,manual override after identifier/evidence review; insufficient exact-facility evidence,Codex manual review 2026-08-13
ec0bfc1910d5e577fd149c1d,2025-06-30,2025Q2,030c881725afeb4e436c3dcc,2efe342eff6d95d6bb105e8a,ASIF,ARCC,1918712,1287750,0001918712-25-000065,0001287750-25-000038,2025-08-08 16:14:00.0,2025-07-28 21:23:00.0,"TSS Buyer, LLC, First lien senior secured loan 2","TSS Buyer, LLC, First lien senior secured loan",tss buyer,tss buyer,debt,debt,other_debt,other_debt,first_lien,first_lien,UNKNOWN,UNKNOWN,UNKNOWN,UNKNOWN,0.0450,0.0550,0.01000000,,,,funded,funded,,,True,True,True,True,,,False,,True,spread_gt_100bp,4,same_borrower_different_facility,medium,debt_equity_match|facility_type_match|lien_match|funded_status_match|conflict:spread_gt_100bp,20260813,True,same_borrower_different_facility,manual confirmation after identifier/evidence review,Codex manual review 2026-08-13
edb38e0eb153d42594dc2047,2025-06-30,2025Q2,6a322398f1444273e93b06f3,cab17adfb3ff2c2187b6f0d8,ARCC,BXSL,1287750,1736035,0001287750-25-000038,0001736035-25-000018,2025-07-28 21:23:00.0,2025-08-06 06:10:00.0,"IQN Holding Corp., First lien senior secured loan",IQN Holding Corp. 3,iqn,iqn,debt,unknown,other_debt,unknown,first_lien,unknown,UNKNOWN,UNKNOWN,UNKNOWN,UNKNOWN,0.0575,0.0575,0.00000000,,,,funded,funded,,,True,,,,,,True,,True,,2,unrelated,high,spread_match_25bp|funded_status_match,20260813,True,uncertain,manual override after identifier/evidence review; insufficient exact-facility evidence,Codex manual review 2026-08-13
ee64fd6d51eb66a8247065a7,2025-09-30,2025Q3,3f310e23b988df1f2bbc79ee,4e0dcb044fb14000c8fb1e75,OCIC,HPS,1812554,1838126,0001812554-25-000081,0001838126-25-000073,2025-11-06 16:05:00.0,2025-11-14 13:58:00.0,"Cambrex Corporation, First lien senior secured loan",Cambrex Corporation 4,cambrex,cambrex,debt,unknown,other_debt,unknown,first_lien,unknown,UNKNOWN,UNKNOWN,UNKNOWN,UNKNOWN,0.0450,,,,,,funded,funded,,,True,,,,,,,,True,,1,uncertain,low,funded_status_match,20260813,True,uncertain,manual confirmation after identifier/evidence review,Codex manual review 2026-08-13
ef1facbe17627afe67f05f8d,2025-09-30,2025Q3,67e6f6fd6b4772f5778d2ed6,946b515705425ed7d7f02b6c,NMFC,BCRED,1496099,1803498,0001496099-25-000035,0001803498-25-000081,2025-11-03 16:44:00.0,2025-11-13 16:37:00.0,"ACI Group Holdings, Inc., First lien 3","ACI Group Holdings, Inc. 1",aci,aci,debt,unknown,other_debt,unknown,first_lien,unknown,UNKNOWN,UNKNOWN,UNKNOWN,UNKNOWN,0.0275,0.0550,0.02750000,,,,funded,funded,,,True,,,,,,False,,True,spread_gt_100bp,1,unrelated,high,funded_status_match|conflict:spread_gt_100bp,20260813,True,same_borrower_different_facility,manual override after identifier/evidence review; insufficient exact-facility evidence,Codex manual review 2026-08-13
ef9b9bde0157dcb60f96524a,2025-06-30,2025Q2,03fe7433b1f8781b99f0ea2c,397ac6128dc2da574f51f1dc,OCIC,OBDC,1812554,1655888,0001812554-25-000052,0001655888-25-000020,2025-08-07 16:12:00.0,2025-08-06 16:06:00.0,"Aerosmith Bidco 1 Limited (dba Audiotonix), First lien senior secured loan","Aerosmith Bidco 1 Limited (dba Audiotonix), First lien senior secured loan",aerosmith bidco dba audiotonix,aerosmith bidco dba audiotonix,debt,debt,other_debt,other_debt,first_lien,first_lien,UNKNOWN,UNKNOWN,UNKNOWN,UNKNOWN,0.0525,0.0525,0.00000000,,,,funded,funded,,,True,True,True,True,,,True,,True,,5,same_facility,high,debt_equity_match|facility_type_match|lien_match|spread_match_25bp|funded_status_match,20260813,True,same_facility,manual confirmation after identifier/evidence review,Codex manual review 2026-08-13
efaa8d93743c5de052b036d2,2025-09-30,2025Q3,da23723a7d9045503f2ac759,f83acde0fc99670fbf681211,BBDC,ARCC,1379785,1287750,0001379785-25-000050,0001287750-25-000046,2025-11-06 16:21:00.0,2025-10-27 20:48:00.0,"Aldinger Company, Second Lien Senior Secured Term Loan","Aldinger Company Inc, First lien senior secured revolving loan",aldinger,aldinger,debt,debt,term_loan,revolver,second_lien,first_lien,UNKNOWN,UNKNOWN,UNKNOWN,UNKNOWN,,0.0525,,,,,funded,funded,,,True,True,False,False,,,,,True,facility_type|lien,2,same_borrower_different_facility,high,debt_equity_match|funded_status_match|conflict:facility_type|conflict:lien,20260813,True,same_borrower_different_facility,manual confirmation after identifier/evidence review,Codex manual review 2026-08-13
f0e078d9a3f0dae28d068054,2025-06-30,2025Q2,a732305a2c64d4fe36532b2d,dac10c34108c5bb5aa093fe2,OCIC,NMFC,1812554,1496099,0001812554-25-000052,0001496099-25-000027,2025-08-07 16:12:00.0,2025-08-04 16:49:00.0,"Perforce Software, Inc., First lien senior secured loan 2","Perforce Software, Inc., First lien - Funded",perforce software,perforce software,debt,debt,other_debt,other_debt,first_lien,first_lien,UNKNOWN,UNKNOWN,UNKNOWN,UNKNOWN,0.0475,0.0475,0.00000000,,,,funded,funded,,,True,True,True,True,,,True,,True,,5,same_facility,high,debt_equity_match|facility_type_match|lien_match|spread_match_25bp|funded_status_match,20260813,True,same_facility,manual confirmation after identifier/evidence review,Codex manual review 2026-08-13
f1022a3ae7579e896676c6db,2025-06-30,2025Q2,84e6b8edbdb8995031f3ae7c,d3f6ca47ba1df24f882b8675,OBDC,OCIC,1655888,1812554,0001655888-25-000020,0001812554-25-000052,2025-08-06 16:06:00.0,2025-08-07 16:12:00.0,"Plasma Buyer LLC (dba PathGroup), First lien senior secured loan","Plasma Buyer LLC (dba PathGroup), First lien senior secured loan",plasma buyer dba pathgroup,plasma buyer dba pathgroup,debt,debt,other_debt,other_debt,first_lien,first_lien,UNKNOWN,UNKNOWN,UNKNOWN,UNKNOWN,0.0575,0.0575,0.00000000,,,,funded,funded,,,True,True,True,True,,,True,,True,,5,same_facility,high,debt_equity_match|facility_type_match|lien_match|spread_match_25bp|funded_status_match,20260813,True,same_facility,manual confirmation after identifier/evidence review,Codex manual review 2026-08-13
f1bd870c54d13c30e0806ec1,2025-09-30,2025Q3,ba24643c65f34acb8109f9af,ef4af64c44f16a8112ae1c68,ARCC,NMFC,1287750,1496099,0001287750-25-000046,0001496099-25-000035,2025-10-27 20:48:00.0,2025-11-03 16:44:00.0,"Icefall Parent, Inc., First lien senior secured loan","Icefall Parent, Inc., First lien",icefall parent,icefall parent,debt,debt,other_debt,other_debt,first_lien,first_lien,UNKNOWN,UNKNOWN,UNKNOWN,UNKNOWN,0.0450,0.0450,0.00000000,,,,funded,funded,,,True,True,True,True,,,True,,True,,5,same_facility,high,debt_equity_match|facility_type_match|lien_match|spread_match_25bp|funded_status_match,20260813,True,same_facility,manual confirmation after identifier/evidence review,Codex manual review 2026-08-13
f2e3ae49e139abc8fad9cfcf,2025-06-30,2025Q2,152ae7f9497ef299a8fe2007,bd350d032bc1101622f04e94,BCRED,BXSL,1803498,1736035,0001803498-25-000062,0001736035-25-000018,2025-08-12 16:30:00.0,2025-08-06 06:10:00.0,"ACI Group Holdings, Inc. 2","ACI Group Holdings, Inc. 2",aci,aci,unknown,unknown,unknown,unknown,unknown,unknown,UNKNOWN,UNKNOWN,UNKNOWN,UNKNOWN,0.0600,0.0550,0.00500000,,,,funded,funded,,,True,,,,,,False,,True,,1,unrelated,high,funded_status_match,20260813,True,uncertain,manual override after identifier/evidence review; insufficient exact-facility evidence,Codex manual review 2026-08-13
f40dffca88743c8763b8c31e,2025-06-30,2025Q2,162f1790a4d28778ad879e7e,dd0202373edbabf33ea141f1,OCIC,OBDC,1812554,1655888,0001812554-25-000052,0001655888-25-000020,2025-08-07 16:12:00.0,2025-08-06 16:06:00.0,"Brightway Holdings, LLC, First lien senior secured revolving loan","Brightway Holdings, LLC, First lien senior secured loan",brightway,brightway,debt,debt,revolver,other_debt,first_lien,first_lien,UNKNOWN,UNKNOWN,UNKNOWN,UNKNOWN,0.0575,0.0575,0.00000000,,,,funded,funded,,,True,True,False,True,,,True,,True,facility_type,4,same_borrower_different_facility,high,debt_equity_match|lien_match|spread_match_25bp|funded_status_match|conflict:facility_type,20260813,True,same_borrower_different_facility,manual confirmation after identifier/evidence review,Codex manual review 2026-08-13
f4f3cc4a690a490f409b375a,2025-06-30,2025Q2,099776e9c570781779a4806e,1a5136cea23f9c604e610446,ARCC,ASIF,1287750,1918712,0001287750-25-000038,0001918712-25-000065,2025-07-28 21:23:00.0,2025-08-08 16:14:00.0,"760203 N.B. LTD., First lien senior secured revolving loan",760203 N.B. LTD.,n b,n b,debt,unknown,revolver,unknown,first_lien,unknown,UNKNOWN,UNKNOWN,UNKNOWN,UNKNOWN,0.0525,,,,,,funded,funded,,,True,,,,,,,,True,,1,unrelated,high,funded_status_match,20260813,True,uncertain,manual override after identifier/evidence review; insufficient exact-facility evidence,Codex manual review 2026-08-13
f698a0054a5b9bbf21e42b5f,2025-06-30,2025Q2,a13208b57ec3d0662df08d9d,b304df9c1548f8f62bad9e07,ASIF,ARCC,1918712,1287750,0001918712-25-000065,0001287750-25-000038,2025-08-08 16:14:00.0,2025-07-28 21:23:00.0,"GS SEER Group Borrower LLC and GS SEER Group Holdings LLC, First lien senior secured loan","GS SEER Group Borrower LLC and GS SEER Group Holdings LLC, First lien senior secured loan",gs seer borrower and gs seer,gs seer borrower and gs seer,debt,debt,other_debt,other_debt,first_lien,first_lien,UNKNOWN,UNKNOWN,UNKNOWN,UNKNOWN,0.0675,0.0675,0.00000000,,,,funded,funded,,,True,True,True,True,,,True,,True,,5,same_facility,high,debt_equity_match|facility_type_match|lien_match|spread_match_25bp|funded_status_match,20260813,True,same_facility,manual confirmation after identifier/evidence review,Codex manual review 2026-08-13
f80a78df551e37528a7e546a,2025-06-30,2025Q2,402177eb6f064b9edddd9309,e4e76b621c5abdf9461059d8,BCRED,ASIF,1803498,1918712,0001803498-25-000062,0001918712-25-000065,2025-08-12 16:30:00.0,2025-08-08 16:14:00.0,"Severin Acquisition, LLC 2","Severin Acquisition, LLC, First lien senior secured revolving loan",severin acquisition,severin acquisition,unknown,debt,unknown,revolver,unknown,first_lien,UNKNOWN,UNKNOWN,UNKNOWN,UNKNOWN,0.0500,0.0475,0.00250000,,,,funded,funded,,,True,,,,,,False,,True,,1,uncertain,low,funded_status_match,20260813,True,uncertain,manual confirmation after identifier/evidence review,Codex manual review 2026-08-13
f83cac6e640594e045ba276e,2025-06-30,2025Q2,c16ef4f4adf1bb8357d16b03,c377b7e4765e895411c1203d,ASIF,OCIC,1918712,1812554,0001918712-25-000065,0001812554-25-000052,2025-08-08 16:14:00.0,2025-08-07 16:12:00.0,"Asurion, LLC, First lien senior secured loan 1","Asurion, LLC, Second lien senior secured loan 1",asurion,asurion,debt,debt,other_debt,other_debt,first_lien,second_lien,UNKNOWN,UNKNOWN,UNKNOWN,UNKNOWN,0.0425,0.0525,0.01000000,,,,funded,funded,,,True,True,True,False,,,False,,True,lien,3,same_borrower_different_facility,high,debt_equity_match|facility_type_match|funded_status_match|conflict:lien,20260813,True,same_borrower_different_facility,manual confirmation after identifier/evidence review,Codex manual review 2026-08-13
f8c40e59068b84023e64d062,2025-06-30,2025Q2,31eb38852ac8eb15707d79f8,3cfae95a2e72cad65ed46b77,NMFC,BCRED,1496099,1803498,0001496099-25-000027,0001803498-25-000062,2025-08-04 16:49:00.0,2025-08-12 16:30:00.0,"KPSKY Acquisition Inc., First lien 3","KPSKY Acquisition, Inc. 2",kpsky acquisition,kpsky acquisition,debt,unknown,other_debt,unknown,first_lien,unknown,UNKNOWN,UNKNOWN,UNKNOWN,UNKNOWN,0.0550,0.0550,0.00000000,,,,funded,funded,,,True,,,,,,True,,True,,2,uncertain,low,spread_match_25bp|funded_status_match,20260813,True,uncertain,manual confirmation after identifier/evidence review,Codex manual review 2026-08-13
fa29824b7a66ebd7c0240099,2025-09-30,2025Q3,1f457c766b643c1e5dbd2591,3b089a4489520c99f2de704d,BXSL,NMFC,1736035,1496099,0001736035-25-000021,0001496099-25-000035,2025-11-10 06:10:00.0,2025-11-03 16:44:00.0,"eResearchTechnology, Inc. 1","eResearchTechnology, Inc.",eresearchtechnology,eresearchtechnology,unknown,debt,unknown,other_debt,unknown,unknown,UNKNOWN,UNKNOWN,UNKNOWN,UNKNOWN,0.0475,,,,,,funded,unfunded,,,True,,,,,,,,False,funded_status,0,same_borrower_different_facility,medium,conflict:funded_status,20260813,True,same_borrower_different_facility,manual confirmation after identifier/evidence review,Codex manual review 2026-08-13
fd07fef27492b062f92bb876,2025-09-30,2025Q3,66d9bd908b9d91149aa0c513,a0563d67e7359a83e3396665,ARCC,GBDC,1287750,1476765,0001287750-25-000046,0001476765-25-000096,2025-10-27 20:48:00.0,2025-11-18 16:11:00.0,"North Haven Stack Buyer, LLC, First lien senior secured loan 6","North Haven Stack Buyer, LLC, Second lien 4",north haven stack buyer,north haven stack buyer,debt,debt,other_debt,other_debt,first_lien,second_lien,UNKNOWN,UNKNOWN,UNKNOWN,UNKNOWN,0.0375,,,,,,funded,funded,,,True,True,True,False,,,,,True,lien,3,same_borrower_different_facility,high,debt_equity_match|facility_type_match|funded_status_match|conflict:lien,20260813,True,same_borrower_different_facility,manual confirmation after identifier/evidence review,Codex manual review 2026-08-13
fdd75570800c153b8f6baeca,2025-06-30,2025Q2,068728d4719198ab96206030,3e16e4e3e620ca3b3374bf63,ARCC,ASIF,1287750,1918712,0001287750-25-000038,0001918712-25-000065,2025-07-28 21:23:00.0,2025-08-08 16:14:00.0,"Helios Service Partners, LLC and Astra Service Partners, LLC, First lien senior secured revolving loan","Helios Service Partners, LLC and Astra Service Partners, LLC, First lien senior secured loan 1",helios service partners and astra service partners,helios service partners and astra service partners,debt,debt,revolver,other_debt,first_lien,first_lien,UNKNOWN,UNKNOWN,UNKNOWN,UNKNOWN,0.0500,0.0500,0.00000000,,,,funded,funded,,,True,True,False,True,,,True,,True,facility_type,4,same_borrower_different_facility,high,debt_equity_match|lien_match|spread_match_25bp|funded_status_match|conflict:facility_type,20260813,True,same_borrower_different_facility,manual confirmation after identifier/evidence review,Codex manual review 2026-08-13
fe0ed8caef2aa4b79577598d,2025-06-30,2025Q2,359d137d1ba3f64064759826,a129511bffb2bdc61a82dc73,ASIF,ARCC,1918712,1287750,0001918712-25-000065,0001287750-25-000038,2025-08-08 16:14:00.0,2025-07-28 21:23:00.0,"Bamboo US BidCo LLC, First lien senior secured loan 2","Bamboo US BidCo LLC, First lien senior secured loan",bamboo us bidco,bamboo us bidco,debt,debt,other_debt,other_debt,first_lien,first_lien,UNKNOWN,UNKNOWN,UNKNOWN,UNKNOWN,0.0525,0.0525,0.00000000,,,,funded,funded,,,True,True,True,True,,,True,,True,,5,same_facility,high,debt_equity_match|facility_type_match|lien_match|spread_match_25bp|funded_status_match,20260813,True,same_facility,manual confirmation after identifier/evidence review,Codex manual review 2026-08-13
